metodo: grafo de conectividade + poda de galho solto (nenhum layer de parede claro foi encontrado)
paredes finais: 7
paredes amplas: 20

=== PAREDES AMPLAS ===
(-333.994672816536, -156.987441717316) (-209.9898572033635, -156.987441717316)
(-209.9898572033635, -1126.939905849797) (-333.9838034246859, -1126.939905849797)
(439.9783084745213, 0.0) (2739.86553853405, 0.0)
(2739.86553853405, 0.0) (2739.86553853405, -1899.906924924984)
(2739.86553853405, -1899.906924924984) (439.9783084745213, -1899.906924924984)
(439.9783084745213, -1899.906924924984) (439.9783084745213, 0.0)
(-333.9838034246859, 327.9984664705844) (-333.9838034246859, -156.987441717316)
(2739.86553853405, -5.999632567298249) (2739.86553853405, -2272.8884759045)
(2739.86553853405, -2272.8884759045) (0.0, -2272.8884759045)
(-0.0002717347979342, -1126.939905849797) (-333.9838034246859, -1126.939905849797)
(-0.0002717347979342, -1126.939905849797) (-0.0002717347979342, -1280.937177868731)
(-0.0002717347979342, -2272.8884759045) (349.9645267945252, -2259.632437337063)
(0.0, 0.0) (2739.86553853405, 0.0)
(2739.86553853405, 0.0) (2739.86553853405, -2272.8884759045)
(2739.86553853405, -2272.8884759045) (-0.0002717347979342, -2272.8884759045)
(-0.0002717347979342, -2272.8884759045) (-0.0002717347979342, -1126.939905849797)
(-333.9983707726788, -2606.886846677177) (-333.9983707726788, -1126.939905849799)
(3073.863909306729, -2606.886846677177) (-333.9983707726783, -2606.886846677177)
(3073.863909306729, -2606.886846677177) (3073.863909306729, 327.9984664705848)
(-333.9838034246859, 327.9984664705844) (3073.863909306729, 327.9984664705844)

=== TODAS AS LINHAS LIDAS DO DXF (por layer) ===
[Detail] (2739.86553853405, -385.1979322163479) (2739.86553853405, -297.5919925662802)
[Detail] (2739.86553853405, -297.5919925662802) (2701.177025177396, -297.5137329449499)
[Detail] (2701.177025177396, -297.5137329449499) (2670.067195289288, -297.364822276586)
[Detail] (2670.067195289288, -297.364822276586) (2645.21596122934, -297.1523256658838)
[Detail] (2645.21596122934, -297.1523256658838) (2638.136454581585, -297.0721639009789)
[Detail] (2638.136454581585, -297.0721639009789) (2637.833742018516, -297.0683596138279)
[Detail] (2637.833742018516, -297.0683596138279) (2617.993025867371, -296.8012443090756)
[Detail] (2617.993025867371, -296.8012443090756) (2595.398549290614, -296.380055374826)
[Detail] (2595.398549290614, -296.380055374826) (2583.514771444443, -296.1017989434258)
[Detail] (2583.514771444443, -296.1017989434258) (2571.651101973195, -295.7816953533948)
[Detail] (2571.651101973195, -295.7816953533948) (2559.912702243041, -295.4213750135132)
[Detail] (2559.912702243041, -295.4213750135132) (2548.176476391258, -295.0164901670414)
[Detail] (2548.176476391258, -295.0164901670414) (2535.854390318669, -294.5425846823109)
[Detail] (2535.854390318669, -294.5425846823109) (2518.579937583691, -293.7953139925085)
[Detail] (2518.579937583691, -293.7953139925085) (2509.105632176223, -293.346951578631)
[Detail] (2509.105632176223, -293.346951578631) (2486.033989297183, -292.1562097012884)
[Detail] (2486.033989297183, -292.1562097012884) (2473.442342306673, -291.4602968879881)
[Detail] (2473.442342306673, -291.4602968879881) (2448.235135663585, -290.0143960369242)
[Detail] (2448.235135663585, -290.0143960369242) (2417.096230152274, -288.2348048560198)
[Detail] (2417.096230152274, -288.2348048560198) (2368.841021557419, -285.7739745408126)
[Detail] (2368.841021557419, -285.7739745408126) (2324.048801206489, -283.8941132200744)
[Detail] (2324.048801206489, -283.8941132200744) (2283.890746071502, -282.5487542436404)
[Detail] (2283.890746071502, -282.5487542436404) (2235.327933687248, -281.2585574308541)
[Detail] (2235.327933687248, -281.2585574308541) (2209.641115128707, -280.6566648570697)
[Detail] (2141.166935546269, -284.4326915863239) (2136.456684587367, -285.2161030040279)
[Detail] (2216.796164049829, -639.139262310915) (2270.074118619316, -637.8042292567388)
[Detail] (2270.074118619316, -637.8042292567388) (2382.907916756987, -633.5157107016821)
[Detail] (2382.907916756987, -633.5157107016821) (2444.698779024664, -630.1510904540155)
[Detail] (2444.698779024664, -630.1510904540155) (2531.558534924112, -625.6400211007967)
[Detail] (2531.558534924112, -625.6400211007967) (2586.507386755988, -623.8335281750606)
[Detail] (2586.507386755988, -623.8335281750606) (2739.86553853405, -622.3628994575338)
[Detail] (2739.86553853405, -622.3628994575338) (2739.86553853405, -385.1979322163479)
[Detail] (-333.994672816536, -156.987441717316) (-209.9898572033635, -156.987441717316)
[Detail] (-209.9898572033635, -156.987441717316) (-209.9898572033635, -196.9857167920873)
[Detail] (-209.9898572033635, -196.9857167920873) (-333.994672816536, -196.9857167920873)
[Detail] (-333.994672816536, -196.9857167920873) (-333.994672816536, -156.987441717316)
[Detail] (-293.9966694765626, -196.9857167920873) (679.9666002491667, -196.9857167920873)
[Detail] (679.9666002491667, -196.9857167920873) (679.9666002491667, -236.9837201320643)
[Detail] (679.9666002491667, -236.9837201320643) (-293.9966694765626, -236.9837201320643)
[Detail] (-293.9966694765626, -236.9837201320643) (-293.9966694765626, -196.9857167920873)
[Detail] (-333.9838034246859, -1086.941902509821) (-209.9898572033635, -1086.941902509821)
[Detail] (-209.9898572033635, -1086.941902509821) (-209.9898572033635, -1126.939905849797)
[Detail] (-209.9898572033635, -1126.939905849797) (-333.9838034246859, -1126.939905849797)
[Detail] (-333.9838034246859, -1126.939905849797) (-333.9838034246859, -1086.941902509821)
[Detail] (13.99923323529401, -1727.92026592203) (-0.0002717347979342, -1727.92026592203)
[Detail] (-0.0002717347979342, -1727.92026592203) (-0.0002717347979342, -1397.936398698739)
[Detail] (-0.0002717347979342, -1397.936398698739) (13.99923323529401, -1397.936398698739)
[Detail] (13.99923323529401, -1397.936398698739) (13.99923323529401, -1727.92026592203)
[Detail] (2773.863909306729, -2306.886846677177) (2773.863909306729, 27.99846647058439)
[Detail] (919.954620289016, -2272.8884759045) (919.954620289016, -1918.054189825653)
[Detail] (919.954620289016, -1918.054189825653) (919.9505442670725, -1916.220251685487)
[Detail] (919.9505442670725, -1916.220251685487) (919.9228273178487, -1914.387400484508)
[Detail] (919.9228273178487, -1914.387400484508) (919.8497306576464, -1912.502919672234)
[Detail] (919.8497306576464, -1912.502919672234) (919.7111459115404, -1910.575776496942)
[Detail] (919.7111459115404, -1910.575776496942) (919.4888668481708, -1908.616296880891)
[Detail] (919.4888668481708, -1908.616296880891) (919.1690349929377, -1906.636437155119)
[Detail] (919.1690349929377, -1906.636437155119) (918.7402374843932, -1904.648153650662)
[Detail] (918.7402374843932, -1904.648153650662) (918.1954092178312, -1902.665576576927)
[Detail] (918.1954092178312, -1902.665576576927) (917.5296589669215, -1900.70066226495)
[Detail] (917.5296589669215, -1900.70066226495) (916.741356322882, -1898.76591051536)
[Detail] (916.741356322882, -1898.76591051536) (915.8318599596969, -1896.872190720014)
[Detail] (915.8318599596969, -1896.872190720014) (914.8030720209408, -1895.030372270756)
[Detail] (914.8030720209408, -1895.030372270756) (913.6590685285591, -1893.249694150665)
[Detail] (913.6590685285591, -1893.249694150665) (912.4050124436781, -1891.539123608018)
[Detail] (912.4050124436781, -1891.539123608018) (911.0457949926331, -1889.906812686699)
[Detail] (911.0457949926331, -1889.906812686699) (909.5882095453326, -1888.360098226216)
[Detail] (909.5882095453326, -1888.360098226216) (908.0385060020835, -1886.906045331265)
[Detail] (908.0385060020835, -1886.906045331265) (906.4032059980109, -1885.550903902164)
[Detail] (906.4032059980109, -1885.550903902164) (904.6899181073986, -1884.300380369634)
[Detail] (904.6899181073986, -1884.300380369634) (902.9067943741393, -1883.160724633992)
[Detail] (902.9067943741393, -1883.160724633992) (901.0628020465119, -1882.136284451977)
[Detail] (901.0628020465119, -1882.136284451977) (899.1674518423879, -1881.231135845534)
[Detail] (899.1674518423879, -1881.231135845534) (897.2316131536154, -1880.447452693032)
[Detail] (897.2316131536154, -1880.447452693032) (895.2661553720463, -1879.786321933658)
[Detail] (895.2661553720463, -1879.786321933658) (893.283306563515, -1879.245569689039)
[Detail] (893.283306563515, -1879.245569689039) (891.2961099982422, -1878.821119937235)
[Detail] (891.2961099982422, -1878.821119937235) (889.3176089464523, -1878.505092369149)
[Detail] (889.3176089464523, -1878.505092369149) (887.3603032087703, -1878.286345858136)
[Detail] (887.3603032087703, -1878.286345858136) (885.4350621770518, -1878.150206725193)
[Detail] (885.4350621770518, -1878.150206725193) (883.5524835083488, -1878.079012208566)
[Detail] (883.5524835083488, -1878.079012208566) (881.721262716148, -1878.052653933326)
[Detail] (881.721262716148, -1878.052653933326) (879.9492801095403, -1878.048849646177)
[Detail] (879.9492801095403, -1878.048849646177) (389.969866974001, -1878.048849646177)
[Detail] (389.969866974001, -1878.048849646177) (388.138374447004, -1878.05292566812)
[Detail] (388.138374447004, -1878.05292566812) (386.3079688591915, -1878.080642617342)
[Detail] (386.3079688591915, -1878.080642617342) (384.4262053948787, -1878.153467542748)
[Detail] (384.4262053948787, -1878.153467542748) (382.5015078327542, -1878.291508819264)
[Detail] (382.5015078327542, -1878.291508819264) (380.5447455646645, -1878.512700943446)
[Detail] (380.5447455646645, -1878.512700943446) (378.5681466564492, -1878.831445859494)
[Detail] (378.5681466564492, -1878.831445859494) (376.5839391739373, -1879.258341224466)
[Detail] (376.5839391739373, -1879.258341224466) (374.6046229177573, -1879.800995612657)
[Detail] (374.6046229177573, -1879.800995612657) (372.6426976885377, -1880.464300250402)
[Detail] (372.6426976885377, -1880.464300250402) (370.7098480825262, -1881.249613811682)
[Detail] (370.7098480825262, -1881.249613811682) (368.8177586959555, -1882.156392826904)
[Detail] (368.8177586959555, -1882.156392826904) (366.9770271858815, -1883.181919948103)
[Detail] (366.9770271858815, -1883.181919948103) (365.1971642701792, -1884.32266262293)
[Detail] (365.1971642701792, -1884.32266262293) (363.4874089319219, -1885.57318615546)
[Detail] (363.4874089319219, -1885.57318615546) (361.8556414801969, -1886.928327584559)
[Detail] (361.8556414801969, -1886.928327584559) (360.3091987545085, -1888.381837009918)
[Detail] (360.3091987545085, -1888.381837009918) (358.8548741247632, -1889.927736266014)
[Detail] (358.8548741247632, -1889.927736266014) (357.4986457564755, -1891.558960248147)
[Detail] (357.4986457564755, -1891.558960248147) (356.2473070195574, -1893.267900382016)
[Detail] (356.2473070195574, -1893.267900382016) (355.1062926099348, -1895.046676358534)
[Detail] (355.1062926099348, -1895.046676358534) (354.0799502843438, -1896.886864399014)
[Detail] (354.0799502843438, -1896.886864399014) (353.172084329939, -1898.77841031599)
[Detail] (353.172084329939, -1898.77841031599) (352.385683829476, -1900.710988187208)
[Detail] (352.385683829476, -1900.710988187208) (351.7215639873411, -1902.673456886018)
[Detail] (351.7215639873411, -1902.673456886018) (351.1775509251675, -1904.653316611792)
[Detail] (351.1775509251675, -1904.653316611792) (350.7498403558056, -1906.637524094304)
[Detail] (350.7498403558056, -1906.637524094304) (350.4305519701629, -1908.614394737317)
[Detail] (350.4305519701629, -1908.614394737317) (350.2085446415949, -1910.570613535812)
[Detail] (350.2085446415949, -1910.570613535812) (350.0696881606927, -1912.494495893549)
[Detail] (350.0696881606927, -1912.494495893549) (349.9965915004868, -1914.375715888267)
[Detail] (349.9965915004868, -1914.375715888267) (349.9686028164724, -1916.20612147608)
[Detail] (349.9686028164724, -1916.20612147608) (349.9645267945252, -1918.054189825653)
[Detail] (349.9645267945252, -1918.054189825653) (349.9645267945252, -2272.8884759045)
[Detail] (349.9645267945252, -2272.8884759045) (919.954620289016, -2272.8884759045)
[Detail] (2339.174646907206, -355.7888904182146) (2337.719507073071, -353.1264328841644)
[Detail] (2337.719507073071, -353.1264328841644) (2335.854047696536, -349.9993088484534)
[Detail] (2335.854047696536, -349.9993088484534) (2333.85897082217, -346.9243578936312)
[Detail] (2333.85897082217, -346.9243578936312) (2331.742428493865, -343.9021234892862)
[Detail] (2331.742428493865, -343.9021234892862) (2331.379119071226, -343.4040336076851)
[Detail] (2304.811608037908, -316.3859862821191) (2301.494813114383, -313.9335797455988)
[Detail] (2301.494813114383, -313.9335797455988) (2298.098943365141, -311.5882367188133)
[Detail] (2298.098943365141, -311.5882367188133) (2294.627531342529, -309.3529462845272)
[Detail] (2294.627531342529, -309.3529462845272) (2291.980290957068, -307.7437328208962)
[Detail] (2291.980290957068, -307.7437328208962) (2289.304246683201, -306.1812577422279)
[Detail] (2289.304246683201, -306.1812577422279) (2284.933664219665, -303.7372749843908)
[Detail] (2284.933664219665, -303.7372749843908) (2280.510636940446, -301.3848668529045)
[Detail] (2280.510636940446, -301.3848668529045) (2276.036251784725, -299.1294680436931)
[Detail] (2276.036251784725, -299.1294680436931) (2273.77786389276, -298.0460614108797)
[Detail] (2273.77786389276, -298.0460614108797) (2271.503443647806, -296.9968933624023)
[Detail] (2271.503443647806, -296.9968933624023) (2269.212447580281, -295.9863116549986)
[Detail] (2269.212447580281, -295.9863116549986) (2266.903788750999, -295.0175771062241)
[Detail] (2266.903788750999, -295.0175771062241) (2264.683171995712, -294.134167283486)
[Detail] (2264.683171995712, -294.134167283486) (2262.446522887444, -293.2915176801889)
[Detail] (2262.446522887444, -293.2915176801889) (2259.981073080701, -292.4154446969478)
[Detail] (2259.981073080701, -292.4154446969478) (2257.500406125364, -291.5842079550966)
[Detail] (2257.500406125364, -291.5842079550966) (2253.316505466883, -290.2831417504567)
[Detail] (2253.316505466883, -290.2831417504567) (2249.102442246011, -289.0842478292234)
[Detail] (2249.102442246011, -289.0842478292234) (2244.863107689082, -287.9815480258767)
[Detail] (2244.863107689082, -287.9815480258767) (2240.602034348449, -286.9812922407309)
[Detail] (2240.602034348449, -286.9812922407309) (2236.320852632896, -286.0957085396203)
[Detail] (2236.320852632896, -286.0957085396203) (2232.027171116708, -285.2951778297502)
[Detail] (2232.027171116708, -285.2951778297502) (2229.455744739411, -284.9087709494233)
[Detail] (2229.455744739411, -284.9087709494233) (2226.877524992207, -284.5680155148748)
[Detail] (2226.877524992207, -284.5680155148748) (2223.822138942716, -284.2188363016412)
[Detail] (2223.822138942716, -284.2188363016412) (2220.759416053727, -283.9446558921845)
[Detail] (2220.759416053727, -283.9446558921845) (2216.54399415887, -283.5897702482289)
[Detail] (2216.54399415887, -283.5897702482289) (2212.324767976872, -283.281622989236)
[Detail] (2212.324767976872, -283.281622989236) (2208.103639651294, -283.0017361490591)
[Detail] (2208.103639651294, -283.0017361490591) (2201.786620841929, -282.6240247822134)
[Detail] (2201.786620841929, -282.6240247822134) (2195.505742760473, -282.3118015012751)
[Detail] (2195.505742760473, -282.3118015012751) (2191.417221015487, -282.1579996065775)
[Detail] (2191.417221015487, -282.1579996065775) (2184.628742334557, -282.0109910817828)
[Detail] (2184.628742334557, -282.0109910817828) (2179.219589479599, -281.9862632153217)
[Detail] (2179.219589479599, -281.9862632153217) (2175.635679251325, -282.0112628165789)
[Detail] (2175.635679251325, -282.0112628165789) (2172.055845044994, -282.0865333551519)
[Detail] (2172.055845044994, -282.0865333551519) (2168.580900470035, -282.2063684003151)
[Detail] (2168.580900470035, -282.2063684003151) (2165.11410793896, -282.3702244824781)
[Detail] (2165.11410793896, -282.3702244824781) (2161.598674879348, -282.5805472148058)
[Detail] (2161.598674879348, -282.5805472148058) (2158.094382946387, -282.8321736361722)
[Detail] (2158.094382946387, -282.8321736361722) (2151.180634524371, -283.4452073366028)
[Detail] (2151.180634524371, -283.4452073366028) (2144.312265813329, -284.1970975179393)
[Detail] (2144.312265813329, -284.1970975179393) (2138.02133354441, -284.9998021061838)
[Detail] (2138.02133354441, -284.9998021061838) (2131.748607506841, -285.905494182216)
[Detail] (2131.748607506841, -285.905494182216) (2125.484848717548, -286.9182497679922)
[Detail] (2125.484848717548, -286.9182497679922) (2119.225981154592, -288.043503559431)
[Detail] (2119.225981154592, -288.043503559431) (2112.883147539582, -289.3065268925875)
[Detail] (2112.883147539582, -289.3065268925875) (2106.549009438051, -290.6991677235765)
[Detail] (2106.549009438051, -290.6991677235765) (2100.230631954706, -292.2271324831199)
[Detail] (2100.230631954706, -292.2271324831199) (2093.937254072615, -293.8953123975443)
[Detail] (2093.937254072615, -293.8953123975443) (2087.677843040063, -295.7053378756355)
[Detail] (2087.677843040063, -295.7053378756355) (2081.459192226958, -297.6563937130013)
[Detail] (2081.459192226958, -297.6563937130013) (2076.610084787153, -299.2868024907457)
[Detail] (2076.610084787153, -299.2868024907457) (2071.78760735739, -301.0076989556528)
[Detail] (2071.78760735739, -301.0076989556528) (2066.993390346437, -302.8190831077263)
[Detail] (2066.993390346437, -302.8190831077263) (2062.229335897871, -304.7220418861471)
[Detail] (2062.229335897871, -304.7220418861471) (2056.37997267292, -307.2056979242407)
[Detail] (2056.37997267292, -307.2056979242407) (2053.474855965782, -308.5021446373448)
[Detail] (2053.474855965782, -308.5021446373448) (2050.58359773325, -309.8360907523329)
[Detail] (2050.58359773325, -309.8360907523329) (2046.274970803272, -311.9083403088462)
[Detail] (2046.274970803272, -311.9083403088462) (2042.001669396807, -314.067545000169)
[Detail] (2042.001669396807, -314.067545000169) (2037.766410861823, -316.3169656438622)
[Detail] (2037.766410861823, -316.3169656438622) (2033.571640811486, -318.6582326487005)
[Detail] (2033.571640811486, -318.6582326487005) (2028.831227290197, -321.4500359457888)
[Detail] (2028.831227290197, -321.4500359457888) (2024.152497567669, -324.3690111275391)
[Detail] (2024.152497567669, -324.3690111275391) (2019.540886339826, -327.4176038071218)
[Detail] (2019.540886339826, -327.4176038071218) (2015.002643506978, -330.5993465368883)
[Detail] (2015.002643506978, -330.5993465368883) (2012.763005315952, -332.2403529716848)
[Detail] (2012.763005315952, -332.2403529716848) (2010.544562439034, -333.9153262560212)
[Detail] (2010.544562439034, -333.9153262560212) (2007.620967765746, -336.2014310972136)
[Detail] (2007.620967765746, -336.2014310972136) (2004.739220251086, -338.548132797976)
[Detail] (2004.739220251086, -338.548132797976) (2001.902308977813, -340.9551596235178)
[Detail] (2001.902308977813, -340.9551596235178) (1998.676816945845, -343.8167987632514)
[Detail] (1998.676816945845, -343.8167987632514) (1995.51056309947, -346.7632191594294)
[Detail] (1995.51056309947, -346.7632191594294) (1992.409525604202, -349.7903447901062)
[Detail] (1992.409525604202, -349.7903447901062) (1989.377780481991, -352.8973604508919)
[Detail] (1989.377780481991, -352.8973604508919) (1986.418316815591, -356.0837226721924)
[Detail] (1986.418316815591, -356.0837226721924) (1983.533308483373, -359.3505183931939)
[Detail] (1983.533308483373, -359.3505183931939) (1980.724385894118, -362.6988345530881)
[Detail] (1980.724385894118, -362.6988345530881) (1977.9934511914, -366.1305732954388)
[Detail] (1977.9934511914, -366.1305732954388) (1975.343221723182, -369.6465498246434)
[Detail] (1975.343221723182, -369.6465498246434) (1972.777230041811, -373.247307610287)
[Detail] (1972.777230041811, -373.247307610287) (1970.301726047601, -376.9312162435981)
[Detail] (1970.301726047601, -376.9312162435981) (1967.924046580061, -380.6955583766085)
[Detail] (1967.924046580061, -380.6955583766085) (1965.751526883716, -384.3737605791957)
[Detail] (1965.751526883716, -384.3737605791957) (1963.674114366077, -388.1063097410424)
[Detail] (1963.674114366077, -388.1063097410424) (1961.699417601438, -391.8945645361273)
[Detail] (1961.699417601438, -391.8945645361273) (1959.828523528977, -395.7349924121027)
[Detail] (1959.828523528977, -395.7349924121027) (1958.060888679105, -399.623789081812)
[Detail] (1958.060888679105, -399.623789081812) (1956.307384038642, -403.7816031998518)
[Detail] (1956.307384038642, -403.7816031998518) (1954.695996696639, -407.9119721034695)
[Detail] (1954.695996696639, -407.9119721034695) (1953.198194499488, -412.0678840779347)
[Detail] (1953.198194499488, -412.0678840779347) (1951.808814486056, -416.2487956536606)
[Detail] (1951.808814486056, -416.2487956536606) (1950.52079155164, -420.4609567309599)
[Detail] (1950.52079155164, -420.4609567309599) (1949.239018517536, -425.0543617274543)
[Detail] (1949.239018517536, -425.0543617274543) (1948.076537059005, -429.6964072524843)
[Detail] (1948.076537059005, -429.6964072524843) (1947.040684015545, -434.3960605543271)
[Detail] (1947.040684015545, -434.3960605543271) (1946.573843635521, -436.7696639999231)
[Detail] (1946.573843635521, -436.7696639999231) (1946.14395918779, -439.1595715333006)
[Detail] (1946.14395918779, -439.1595715333006) (1945.505925886097, -443.2451041955264)
[Detail] (1945.505925886097, -443.2451041955264) (1944.991803651516, -447.3738426903601)
[Detail] (1944.991803651516, -447.3738426903601) (1944.612461875895, -451.5425262002536)
[Detail] (1944.612461875895, -451.5425262002536) (1944.378498216291, -455.7454482944795)
[Detail] (1944.378498216291, -455.7454482944795) (1944.318988295901, -457.8576428660454)
[Detail] (1944.318988295901, -457.8576428660454) (1944.299151655771, -459.975272133539)
[Detail] (1944.299151655771, -459.975272133539) (1944.318988295901, -462.0972491577704)
[Detail] (1944.318988295901, -462.0972491577704) (1944.378498216291, -464.2094437293381)
[Detail] (1944.378498216291, -464.2094437293381) (1944.612461875895, -468.4123658235585)
[Detail] (1944.612461875895, -468.4123658235585) (1944.991803651516, -472.5810493334502)
[Detail] (1944.991803651516, -472.5810493334502) (1945.505925886097, -476.7097878282875)
[Detail] (1945.505925886097, -476.7097878282875) (1946.14395918779, -480.795320490517)
[Detail] (1946.14395918779, -480.795320490517) (1946.573843635521, -483.1852280238891)
[Detail] (1946.573843635521, -483.1852280238891) (1947.040684015545, -485.5588314694869)
[Detail] (1947.040684015545, -485.5588314694869) (1948.076537059005, -490.2587565061294)
[Detail] (1948.076537059005, -490.2587565061294) (1949.239018517536, -494.9005302963633)
[Detail] (1949.239018517536, -494.9005302963633) (1950.52079155164, -499.4939352928577)
[Detail] (1950.52079155164, -499.4939352928577) (1951.808814486056, -503.7060963701533)
[Detail] (1951.808814486056, -503.7060963701533) (1953.198194499488, -507.8870079458793)
[Detail] (1953.198194499488, -507.8870079458793) (1954.695996696639, -512.0429199203463)
[Detail] (1954.695996696639, -512.0429199203463) (1956.307384038642, -516.1732888239585)
[Detail] (1956.307384038642, -516.1732888239585) (1958.059801739921, -520.3316464115942)
[Detail] (1958.059801739921, -520.3316464115942) (1959.828523528977, -524.2198996117131)
[Detail] (1959.828523528977, -524.2198996117131) (1961.699417601438, -528.0603274876867)
[Detail] (1961.699417601438, -528.0603274876867) (1963.674114366077, -531.8485822827734)
[Detail] (1963.674114366077, -531.8485822827734) (1965.751526883716, -535.5811314446182)
[Detail] (1965.751526883716, -535.5811314446182) (1967.930296480376, -539.255257625262)
[Detail] (1967.930296480376, -539.255257625262) (1970.301726047601, -543.0236757802177)
[Detail] (1970.301726047601, -543.0236757802177) (1972.777230041811, -546.707584413527)
[Detail] (1972.777230041811, -546.707584413527) (1975.343221723182, -550.3083421991705)
[Detail] (1975.343221723182, -550.3083421991705) (1977.9934511914, -553.8243187283733)
[Detail] (1977.9934511914, -553.8243187283733) (1980.724385894118, -557.2560574707277)
[Detail] (1980.724385894118, -557.2560574707277) (1983.533308483373, -560.6043736306165)
[Detail] (1983.533308483373, -560.6043736306165) (1986.418316815591, -563.8711693516216)
[Detail] (1986.418316815591, -563.8711693516216) (1989.377780481991, -567.0575315729238)
[Detail] (1989.377780481991, -567.0575315729238) (1992.409525604202, -570.1645472337113)
[Detail] (1992.409525604202, -570.1645472337113) (1995.51056309947, -573.1916728643828)
[Detail] (1995.51056309947, -573.1916728643828) (1998.676816945845, -576.1380932605607)
[Detail] (1998.676816945845, -576.1380932605607) (2001.902308977813, -578.999732400298)
[Detail] (2001.902308977813, -578.999732400298) (2004.739220251086, -581.4067592258398)
[Detail] (2004.739220251086, -581.4067592258398) (2007.620967765746, -583.7534609266022)
[Detail] (2007.620967765746, -583.7534609266022) (2010.544562439034, -586.0395657677964)
[Detail] (2010.544562439034, -586.0395657677964) (2012.763005315952, -587.7145390521291)
[Detail] (2012.763005315952, -587.7145390521291) (2015.002643506978, -589.3558172217236)
[Detail] (2015.002643506978, -589.3558172217236) (2019.540886339826, -592.5372882166921)
[Detail] (2019.540886339826, -592.5372882166921) (2024.152497567669, -595.5858808962766)
[Detail] (2024.152497567669, -595.5858808962766) (2028.831227290197, -598.5048560780288)
[Detail] (2028.831227290197, -598.5048560780288) (2033.571640811486, -601.2966593751171)
[Detail] (2033.571640811486, -601.2966593751171) (2037.766410861823, -603.6379263799536)
[Detail] (2037.766410861823, -603.6379263799536) (2042.001669396807, -605.8873470236467)
[Detail] (2042.001669396807, -605.8873470236467) (2046.274970803272, -608.0465517149696)
[Detail] (2046.274970803272, -608.0465517149696) (2050.58359773325, -610.1188012714829)
[Detail] (2050.58359773325, -610.1188012714829) (2053.474855965782, -611.452747386471)
[Detail] (2053.474855965782, -611.452747386471) (2056.37997267292, -612.7491940995733)
[Detail] (2056.37997267292, -612.7491940995733) (2062.229335897871, -615.2328501376687)
[Detail] (2062.229335897871, -615.2328501376687) (2066.993390346437, -617.1358089160913)
[Detail] (2066.993390346437, -617.1358089160913) (2071.78760735739, -618.9471930681611)
[Detail] (2071.78760735739, -618.9471930681611) (2076.610084787153, -620.6680895330701)
[Detail] (2076.610084787153, -620.6680895330701) (2081.459192226958, -622.2984983108145)
[Detail] (2081.459192226958, -622.2984983108145) (2087.677843040063, -624.2495541481767)
[Detail] (2087.677843040063, -624.2495541481767) (2093.937254072615, -626.0595796262696)
[Detail] (2093.937254072615, -626.0595796262696) (2100.230631954706, -627.7277595406958)
[Detail] (2100.230631954706, -627.7277595406958) (2106.549009438051, -629.2557243002357)
[Detail] (2106.549009438051, -629.2557243002357) (2112.883147539582, -630.6483651312246)
[Detail] (2112.883147539582, -630.6483651312246) (2119.225981154592, -631.911388464383)
[Detail] (2119.225981154592, -631.911388464383) (2125.484848717548, -633.0366422558218)
[Detail] (2125.484848717548, -633.0366422558218) (2131.748607506841, -634.0496695763923)
[Detail] (2131.748607506841, -634.0496695763923) (2138.02133354441, -634.9550899176338)
[Detail] (2138.02133354441, -634.9550899176338) (2144.312265813329, -635.7577945058783)
[Detail] (2144.312265813329, -635.7577945058783) (2151.180634524371, -636.5096846872129)
[Detail] (2151.180634524371, -636.5096846872129) (2158.094382946387, -637.1227183876417)
[Detail] (2158.094382946387, -637.1227183876417) (2161.598674879348, -637.3743448090081)
[Detail] (2161.598674879348, -637.3743448090081) (2165.11410793896, -637.5846675413359)
[Detail] (2165.11410793896, -637.5846675413359) (2168.580900470035, -637.7485236234988)
[Detail] (2168.580900470035, -637.7485236234988) (2172.055845044994, -637.8683586686657)
[Detail] (2172.055845044994, -637.8683586686657) (2175.635679251325, -637.9436292072369)
[Detail] (2175.635679251325, -637.9436292072369) (2179.219589479599, -637.968628808494)
[Detail] (2179.219589479599, -637.968628808494) (2184.628742334557, -637.9439009420348)
[Detail] (2184.628742334557, -637.9439009420348) (2191.417221015487, -637.7968924172383)
[Detail] (2191.417221015487, -637.7968924172383) (2195.505742760473, -637.643090522537)
[Detail] (2195.505742760473, -637.643090522537) (2201.786620841929, -637.3308672416006)
[Detail] (2201.786620841929, -637.3308672416006) (2208.103639651294, -636.9531558747567)
[Detail] (2208.103639651294, -636.9531558747567) (2212.324767976872, -636.6732690345798)
[Detail] (2212.324767976872, -636.6732690345798) (2216.54399415887, -636.3651217755814)
[Detail] (2216.54399415887, -636.3651217755814) (2220.761589932099, -636.0352357328884)
[Detail] (2220.761589932099, -636.0352357328884) (2223.822138942716, -635.7360557221728)
[Detail] (2223.822138942716, -635.7360557221728) (2226.877524992207, -635.3868765089392)
[Detail] (2226.877524992207, -635.3868765089392) (2229.455744739411, -635.0461210743906)
[Detail] (2229.455744739411, -635.0461210743906) (2232.027171116708, -634.6597141940674)
[Detail] (2232.027171116708, -634.6597141940674) (2236.320852632896, -633.8591834841936)
[Detail] (2236.320852632896, -633.8591834841936) (2240.602034348449, -632.9735997830849)
[Detail] (2240.602034348449, -632.9735997830849) (2244.863107689082, -631.9733439979373)
[Detail] (2244.863107689082, -631.9733439979373) (2249.102442246011, -630.8706441945924)
[Detail] (2249.102442246011, -630.8706441945924) (2253.316505466883, -629.6717502733572)
[Detail] (2253.316505466883, -629.6717502733572) (2257.500406125364, -628.370684068721)
[Detail] (2257.500406125364, -628.370684068721) (2259.981073080701, -627.5394473268661)
[Detail] (2259.981073080701, -627.5394473268661) (2262.446522887444, -626.6633743436287)
[Detail] (2262.446522887444, -626.6633743436287) (2264.683171995712, -625.8207247403279)
[Detail] (2264.683171995712, -625.8207247403279) (2266.903788750999, -624.9373149175899)
[Detail] (2266.903788750999, -624.9373149175899) (2269.212447580281, -623.9685803688117)
[Detail] (2269.212447580281, -623.9685803688117) (2271.503443647806, -622.9579986614062)
[Detail] (2271.503443647806, -622.9579986614062) (2273.77786389276, -621.9088306129306)
[Detail] (2273.77786389276, -621.9088306129306) (2276.036251784725, -620.8254239801245)
[Detail] (2276.036251784725, -620.8254239801245) (2280.510636940446, -618.5700251709131)
[Detail] (2280.510636940446, -618.5700251709131) (2284.933664219665, -616.217617039425)
[Detail] (2284.933664219665, -616.217617039425) (2289.304246683201, -613.7736342815897)
[Detail] (2289.304246683201, -613.7736342815897) (2291.980290957068, -612.2111592029178)
[Detail] (2291.980290957068, -612.2111592029178) (2294.627531342529, -610.6019457392849)
[Detail] (2294.627531342529, -610.6019457392849) (2298.098943365141, -608.3666553049989)
[Detail] (2298.098943365141, -608.3666553049989) (2301.494813114383, -606.0213122782188)
[Detail] (2301.494813114383, -606.0213122782188) (2304.811608037908, -603.5689057416948)
[Detail] (2317.459775866039, -592.5557661828389) (2320.435543620221, -589.5392382092214)
[Detail] (2320.435543620221, -589.5392382092214) (2320.875210520615, -589.0791911991)
[Detail] (2331.379119071226, -576.5508584161271) (2331.742428493865, -576.0527685345278)
[Detail] (2331.742428493865, -576.0527685345278) (2333.85897082217, -573.0305341301864)
[Detail] (2333.85897082217, -573.0305341301864) (2335.854047696536, -569.9555831753605)
[Detail] (2335.854047696536, -569.9555831753605) (2337.719507073071, -566.8284591396496)
[Detail] (2337.719507073071, -566.8284591396496) (2339.174646907206, -564.1660016055957)
[Detail] (2345.985136106632, -529.3635675706937) (2346.034048369962, -400.2593767703383)
[Detail] (2346.034048369962, -400.2593767703383) (2346.00008152043, -383.0903571363178)
[Detail] (2346.00008152043, -383.0903571363178) (2345.653076185565, -376.9736068718175)
[Detail] (2370.709741751507, -407.479913777368) (2370.709741751507, -459.9774460119079)
[Detail] (2370.709741751507, -459.9774460119079) (2370.710013486303, -512.4749782464478)
[Detail] (2370.710013486303, -512.4749782464478) (2409.881671310763, -512.4749782464478)
[Detail] (2414.88131982771, -507.4750579947031) (2414.88131982771, -459.9774460119079)
[Detail] (2414.88131982771, -459.9774460119079) (2414.88131982771, -412.4798340291127)
[Detail] (2409.881671310763, -407.479913777368) (2370.709741751507, -407.479913777368)
[Detail] (2370.710828690695, -515.5852547247905) (2370.71327430386, -516.6338793036739)
[Detail] (2368.26521552408, -519.4137262697222) (2368.26521552408, -520.1601817551345)
[Detail] (2368.26531510989, -520.1600877192159) (2368.309105447017, -520.2544031449997)
[Detail] (2368.309105447017, -520.2544031449997) (2368.341544041236, -520.3983169834883)
[Detail] (2368.341573001835, -520.3982214366843) (2368.357061885225, -520.6954993038253)
[Detail] (2368.357061885225, -520.6954993038253) (2368.357061885225, -539.3446583732402)
[Detail] (2368.357061885225, -539.3446583732402) (2368.341573001835, -539.641664505587)
[Detail] (2368.341544041236, -539.6416966953293) (2368.309105447017, -539.7856105338142)
[Detail] (2368.309236561079, -539.7856839476208) (2368.216574995546, -539.9848655533024)
[Detail] (2368.216574995546, -539.9848655533024) (2367.985600418699, -540.211492373408)
[Detail] (2367.985696019485, -540.2114929616964) (2367.838211799506, -540.2830836879657)
[Detail] (2367.838320159106, -540.2829586248336) (2367.513868812337, -540.3421968104249)
[Detail] (2367.513856373458, -540.3421017888195) (2367.357095264815, -540.3445430753109)
[Detail] (2367.357077834877, -540.3446424235899) (2354.065170274327, -540.3446424235899)
[Detail] (2354.065170274327, -540.3446424235899) (2351.307877296371, -540.3446424235899)
[Detail] (2350.267676496169, -540.3446424235899) (2354.065170274327, -540.3446424235899)
[Detail] (2354.065170274327, -540.3446424235899) (2367.357077834877, -540.3446424235899)
[Detail] (2367.357095264812, -540.3445430753109) (2367.513856373458, -540.3421017888195)
[Detail] (2367.513868812337, -540.3421968104249) (2367.838320159106, -540.2829586248336)
[Detail] (2367.838211799506, -540.2830836879657) (2367.985696019485, -540.2114929616964)
[Detail] (2367.985600418699, -540.211492373408) (2368.216574995546, -539.9848655533024)
[Detail] (2368.216574995546, -539.9848655533024) (2368.309236561079, -539.7856839476208)
[Detail] (2368.309105447014, -539.7856105338178) (2368.341544041232, -539.6416966953366)
[Detail] (2368.341573001835, -539.641664505587) (2368.357061885225, -539.3446583732402)
[Detail] (2368.357061885225, -539.3446583732402) (2368.357061885225, -520.6954993038253)
[Detail] (2368.357061885225, -520.6954993038253) (2368.341573001835, -520.3982214366843)
[Detail] (2368.341544041236, -520.3983169834901) (2368.309105447017, -520.2544031449997)
[Detail] (2368.309236561079, -520.2544737294447) (2368.216574995546, -520.0552921237686)
[Detail] (2368.216574995546, -520.0552921237686) (2367.985600418699, -519.8283935688669)
[Detail] (2367.985696019485, -519.8285207171157) (2367.83821179951, -519.7569299908482)
[Detail] (2367.838320159106, -519.7569273174377) (2367.513868812337, -519.6979608666443)
[Detail] (2367.513856373458, -519.6979729221548) (2367.357095264804, -519.6955316356671)
[Detail] (2367.357077834877, -519.6955152534792) (2350.294306506207, -519.6955152534792)
[Detail] (2349.294322455859, -520.6954993038253) (2349.294322455859, -539.3443866384441)
[Detail] (2349.294322455859, -539.3443866384441) (2349.304648378118, -539.6840551338064)
[Detail] (2349.304758198461, -539.6840530159006) (2349.330666351322, -539.8436521200674)
[Detail] (2349.33073491856, -539.8435634592315) (2349.416331379391, -540.0544296611515)
[Detail] (2349.416331379391, -540.0544296611515) (2349.626925846518, -540.2476331013149)
[Detail] (2349.627008014919, -540.2475019374015) (2349.771715271512, -540.3030412050102)
[Detail] (2349.771760492939, -540.303066999757) (2350.097298778896, -540.3427402800153)
[Detail] (2350.097230308642, -540.3428341747658) (2350.267723653771, -540.3445430753109)
[Detail] (2349.294322455859, -399.2593927199869) (2349.31551776997, -399.5947134586095)
[Detail] (2349.31551776997, -399.5947134586095) (2349.390788308541, -399.8289488530118)
[Detail] (2349.390788308541, -399.8289488530118) (2349.528829585059, -400.024597906342)
[Detail] (2349.528829585059, -400.024597906342) (2349.723119964405, -400.1656282656168)
[Detail] (2349.723119964405, -400.1656282656168) (2349.947572906142, -400.2389966606133)
[Detail] (2349.947572906142, -400.2389966606133) (2350.267676496169, -400.2593767703383)
[Detail] (2350.267676496169, -400.2593767703383) (2354.065170274327, -400.2593767703383)
[Detail] (2354.065170274327, -400.2593767703383) (2367.357077834877, -400.2593767703383)
[Detail] (2367.35709526483, -400.2593741897726) (2367.513856373455, -400.2569329032849)
[Detail] (2367.513868812337, -400.2569311571697) (2367.838320159106, -400.1979647063763)
[Detail] (2367.838211799506, -400.1979758345915) (2367.985696019489, -400.1263851083204)
[Detail] (2367.985600418699, -400.1264984549507) (2368.216574995546, -399.899599900049)
[Detail] (2368.216574995546, -399.899599900049) (2368.309236561079, -399.7004182943674)
[Detail] (2368.309105447021, -399.7005026804472) (2368.341544041236, -399.5565888419533)
[Detail] (2368.341573001835, -399.5566705871297) (2368.357061885225, -399.2593927199869)
[Detail] (2368.357061885225, -399.2593927199869) (2368.357061885225, -380.6102336505719)
[Detail] (2368.357061885225, -380.6102336505719) (2368.341573001835, -380.3132275182288)
[Detail] (2368.341544041236, -380.3132091301122) (2368.309105447017, -380.1692952916219)
[Detail] (2368.309236561079, -380.1692080761914) (2368.216574995546, -379.9700264705152)
[Detail] (2368.216574995546, -379.9700264705152) (2367.985600418699, -379.7433996504078)
[Detail] (2367.985696019485, -379.7434128637469) (2367.838211799503, -379.6718221374722)
[Detail] (2367.838320159106, -379.671933398984) (2367.513868812337, -379.6126952133909)
[Detail] (2367.513856373455, -379.612804036622) (2367.357095264804, -379.6103627501325)
[Detail] (2367.357077834877, -379.6102496002241) (2364.9307578388, -379.6102496002241)
[Detail] (2364.9307578388, -379.6102496002241) (2350.294306506207, -379.6102496002241)
[Detail] (2349.294322455859, -380.6102336505719) (2349.294322455859, -399.2593927199869)
[Detail] (2346.007418359928, -400.4756776681825) (2345.986766515409, -519.4794860904258)
[Detail] (2345.986766515409, -519.4794860904258) (2367.925003559125, -519.4794860904258)
[Detail] (2370.710013486303, -516.4102415663256) (2370.709741751507, -459.9774460119079)
[Detail] (2370.709741751507, -459.9774460119079) (2370.709741751507, -407.479913777368)
[Detail] (2370.709741751507, -407.479913777368) (2370.709741751507, -403.5446504574884)
[Detail] (2367.925003559125, -400.4756776681825) (2346.007418359928, -400.4756776681825)
[Detail] (2370.710828690695, -404.3696372990271) (2370.71327430386, -403.3210127201401)
[Detail] (2368.26521552408, -400.5411657540899) (2368.26521552408, -399.7947102686794)
[Detail] (2368.265315109886, -399.7948181062256) (2368.309105447017, -399.7005026804418)
[Detail] (2368.309105447017, -399.7005026804418) (2368.341544041232, -399.5565888419551)
[Detail] (2368.341573001835, -399.5566705871297) (2368.357061885225, -399.2593927199869)
[Detail] (2368.357061885225, -399.2593927199869) (2368.357061885225, -380.6102336505719)
[Detail] (2368.357061885225, -380.6102336505719) (2368.341573001835, -380.3132275182288)
[Detail] (2368.341544041236, -380.313209130114) (2368.309105447014, -380.1692952916273)
[Detail] (2368.309236561079, -380.1692080761914) (2368.216574995546, -379.9700264705152)
[Detail] (2368.216574995546, -379.9700264705152) (2367.985600418699, -379.7433996504078)
[Detail] (2367.985696019485, -379.7434128637487) (2367.838211799506, -379.6718221374758)
[Detail] (2367.838320159106, -379.671933398984) (2367.513868812337, -379.6126952133909)
[Detail] (2367.513856373458, -379.612804036622) (2367.357095264815, -379.6103627501325)
[Detail] (2367.357077834877, -379.6102496002241) (2354.065170274327, -379.6102496002241)
[Detail] (2354.065170274327, -379.6102496002241) (2351.307877296371, -379.6102496002241)
[Detail] (2739.86553853405, -385.2204862044382) (2714.866752479717, -385.2204862044382)
[Detail] (2714.866752479717, -385.2204862044382) (2714.866752479717, -445.2176270817999)
[Detail] (2714.866752479717, -445.2176270817999) (2739.86553853405, -445.2176270817999)
[Detail] (2739.86553853405, -445.2176270817999) (2739.86553853405, -385.2204862044382)
[Detail] (2739.86553853405, -474.7823729182019) (2714.866752479717, -474.7823729182019)
[Detail] (2714.866752479717, -474.7823729182019) (2714.866752479717, -534.7792420607639)
[Detail] (2714.866752479717, -534.7792420607639) (2739.86553853405, -534.7792420607639)
[Detail] (2739.86553853405, -534.7792420607639) (2739.86553853405, -474.7823729182019)
[Detail] (2784.540369452978, -201.9899848005734) (2854.536807364239, -201.9899848005734)
[Detail] (2854.536807364239, -201.9899848005734) (2854.536807364239, -717.9649072232405)
[Detail] (2854.536807364239, -717.9649072232405) (2784.540369452978, -717.9649072232405)
[Detail] (2784.540369452978, -717.9649072232405) (2784.540369452978, -201.9899848005734)
[Detail] (1270.937337365242, -2272.8884759045) (1270.937337365242, -2266.215756246791)
[Detail] (1270.937337365242, -2266.215756246791) (2210.89136692644, -2266.215756246791)
[Detail] (2210.89136692644, -2266.215756246791) (2210.89136692644, -2272.8884759045)
[Detail] (2210.89136692644, -2272.8884759045) (1270.937337365242, -2272.8884759045)
[Detail] (349.9645267945252, -2272.8884759045) (349.9645267945252, -2266.215756246791)
[Detail] (349.9645267945252, -2266.215756246791) (919.954620289016, -2266.215756246791)
[Detail] (919.954620289016, -2266.215756246791) (919.954620289016, -2272.8884759045)
[Detail] (919.954620289016, -2272.8884759045) (349.9645267945252, -2272.8884759045)
[Detail] (439.9783084745213, 0.0) (2739.86553853405, 0.0)
[Detail] (2739.86553853405, 0.0) (2739.86553853405, -1899.906924924984)
[Detail] (2739.86553853405, -1899.906924924984) (439.9783084745213, -1899.906924924984)
[Detail] (439.9783084745213, -1899.906924924984) (439.9783084745213, 0.0)
[Detail] (1088.991598078239, -2272.8884759045) (1088.991598078239, -2242.890041333216)
[Detail] (1088.991598078239, -2242.890041333216) (1108.990735615626, -2242.890041333216)
[Detail] (1108.990735615626, -2242.890041333216) (1108.990735615626, -2272.8884759045)
[Detail] (1108.990735615626, -2272.8884759045) (1088.991598078239, -2272.8884759045)
[Detail] (2372.752643950018, -19.20648713660921) (2372.752643950018, -201.1976061345904)
[Detail] (2372.752643950018, -201.1976061345904) (2717.735728458949, -201.1976061345904)
[Detail] (2717.735728458949, -201.1976061345904) (2717.735728458949, -19.20648713660921)
[Detail] (2717.735728458949, -19.20648713660921) (2372.752643950018, -19.20648713660921)
[Detail] (844.9585338608103, -2262.216091780192) (824.9593963234256, -2262.216091780192)
[Detail] (824.9593963234256, -2262.216091780192) (824.9593963234256, -2231.859510747398)
[Detail] (844.9585338608103, -2231.859510747398) (844.9585338608103, -2262.216091780192)
[Detail] (852.9581345288061, -2263.216075830542) (852.9581345288061, -2265.215772196442)
[Detail] (852.9581345288061, -2265.215772196442) (816.959795655428, -2265.215772196442)
[Detail] (816.959795655428, -2265.215772196442) (816.959795655428, -2263.216075830542)
[Detail] (817.9597797057795, -2262.216091780192) (851.9581504784564, -2262.216091780192)
[Detail] (823.9594122730741, -2159.87071330974) (823.9594122730741, -2156.721307020733)
[Detail] (824.9593963234256, -2155.721322970385) (844.9585338608103, -2155.721322970385)
[Detail] (845.9582461763621, -2156.721307020733) (845.9582461763621, -2159.87071330974)
[Detail] (-258.9874452616823, -156.987441717316) (-74.99635816300179, -156.987441717316)
[Detail] (-74.99635816300179, -156.987441717316) (0.0, -156.987441717316)
[Detail] (0.0, -156.987441717316) (0.0, 27.99846647058439)
[Detail] (-333.9838034246859, 327.9984664705844) (-333.9838034246859, -156.987441717316)
[Detail] (-333.9838034246859, -156.987441717316) (-258.9874452616823, -156.987441717316)
[Detail] (-33.99837077267875, -2306.886846677177) (-33.99837077267875, -1126.939905849799)
[Detail] (2751.865075403443, -5.999632567298249) (2751.865075403443, -2181.893188140306)
[Detail] (2767.864276739431, -5.999632567298249) (2767.864276739431, -2181.893188140306)
[Detail] (2739.86553853405, -5.999632567298249) (2739.86553853405, -2272.8884759045)
[Detail] (2751.865075403443, -5.999632567298249) (2751.864874389376, -5.999788818795423)
[Detail] (2773.863909306729, -2306.886846677177) (-33.99837077267875, -2306.886846677177)
[Detail] (2739.86553853405, -2272.8884759045) (0.0, -2272.8884759045)
[Detail] (0.0, 27.99846647058439) (2773.863909306729, 27.99846647058439)
[Detail] (-0.0002717347979342, -1126.939905849797) (-333.9838034246859, -1126.939905849797)
[Detail] (-0.0002717347979342, -1126.939905849797) (-0.0002717347979342, -1280.937177868731)
[Detail] (679.0060177442792, -2144.113084207653) (390.6231174242839, -2144.113084207653)
[Detail] (911.9550196210184, -2272.8884759045) (357.9641274625192, -2272.8884759045)
[Detail] (679.0060177442792, -1895.688785682169) (390.6231174242839, -1895.688785682169)
[Detail] (879.9492801095403, -1878.048849646177) (389.969866974001, -1878.048849646177)
[Detail] (349.9645267945252, -2271.888763588948) (349.9645267945252, -1918.054189825653)
[Detail] (367.6044628305171, -2019.90093494491) (367.6044628305171, -1923.92991132584)
[Detail] (390.289970564032, -1895.688785682169) (390.6231174242839, -1895.688785682169)
[Detail] (401.3017514489075, -1916.075145304269) (400.9933324551166, -1916.076503978249)
[Detail] (367.6044628305171, -2115.871958563981) (367.6044628305171, -2019.90093494491)
[Detail] (401.3017514489075, -2123.726724585553) (400.9933324551166, -2123.725637646367)
[Detail] (390.6231174242839, -2144.113084207653) (390.289970564032, -2144.113084207653)
[Detail] (537.8142480005299, -2124.212858136116) (534.8145675842807, -2124.213401605708)
[Detail] (534.8145675842807, -2124.213401605708) (531.8146154332335, -2124.212858136116)
[Detail] (350.9645108448749, -2272.8884759045) (357.9641274625192, -2272.8884759045)
[Detail] (349.9644593271369, -2271.888646358766) (349.9656799703826, -2271.888646358766)
[Detail] (919.954620289016, -2271.888763588948) (919.954620289016, -1918.054189825653)
[Detail] (702.0244006032481, -2019.90093494491) (702.0244006032481, -1923.92991132584)
[Detail] (679.3391646045293, -1895.688785682169) (679.0060177442792, -1895.688785682169)
[Detail] (668.6355309786504, -1916.076503978249) (668.3271119848614, -1916.075145304269)
[Detail] (702.0244006032481, -2115.871958563981) (702.0244006032481, -2019.90093494491)
[Detail] (668.6355309786504, -2123.725637646367) (668.3273837196575, -2123.726724585553)
[Detail] (679.0060177442792, -2144.113084207653) (679.3388928697368, -2144.113084207653)
[Detail] (911.9550196210184, -2272.8884759045) (918.9549079734643, -2272.8884759045)
[Detail] (919.9535079865145, -2271.888646358766) (919.9547286297602, -2271.888646358766)
[Detail] (401.3017514489075, -1916.075145304269) (668.6355309786504, -1916.075145304269)
[Detail] (-0.0002717347979342, -2272.8884759045) (349.9645267945252, -2259.632437337063)
[Detail] (-551.6134844257522, -1124.439945723925) (-551.6134844257522, -1086.941902509821)
[Detail] (-551.6134844257522, -1086.941902509821) (-551.6134844257522, -236.9837201320643)
[Detail] (-576.6122704800891, -1061.94311645549) (-526.6146983714189, -1111.940688564158)
[Detail] (-504.7408624744257, -1086.941902509821) (-598.4861063770823, -1086.941902509821)
[Detail] (-504.7408624744257, -236.9837201320643) (-598.4861063770823, -236.9837201320643)
[Detail] (-551.6134844257522, -236.9837201320643) (-551.6134844257522, 2.999680416247429)
[Detail] (-576.6122704800891, -211.9849340777309) (-526.6146983714189, -261.9822344515997)
[Detail] (-526.6146983714189, -21.99910563808407) (-576.6122704800891, 27.99846647058439)
[Detail] (-551.6134844257522, 2.999680416247429) (-551.6134844257522, 40.49772363035299)
[Detail] (-504.7408624744257, 2.999680416247429) (-598.4861063770823, 2.999680416247429)
[Detail] (797.0628304014481, -1785.257938348094) (834.56087361555, -1785.257938348094)
[Detail] (834.56087361555, -1785.257938348094) (919.954620289016, -1785.257938348094)
[Detail] (859.5596596698833, -1760.25915229376) (809.5620875612167, -1810.256724402427)
[Detail] (894.9558342346791, -1810.256724402427) (944.9534063433493, -1760.25915229376)
[Detail] (919.954620289016, -1785.257938348094) (957.4529352379141, -1785.257938348094)
[Detail] (834.56087361555, -1832.130560299424) (834.56087361555, -1738.385316396767)
[Detail] (919.954620289016, -1832.130560299424) (919.954620289016, -1738.385316396767)
[Detail] (402.4799935256196, 1144.522001404494) (439.9783084745213, 1144.522001404494)
[Detail] (439.9783084745213, 1144.522001404494) (2739.86553853405, 1144.522001404494)
[Detail] (464.9770945288546, 1169.520787458827) (414.9795224201862, 1119.523215350158)
[Detail] (2714.866752479717, 1119.523215350158) (2764.864324588383, 1169.520787458827)
[Detail] (2739.86553853405, 1144.522001404494) (2777.363581748152, 1144.522001404494)
[Detail] (439.9783084745213, 1024.527719649772) (439.9783084745213, 1191.39462335582)
[Detail] (2739.86553853405, 1024.527719649772) (2739.86553853405, 1191.39462335582)
[Detail] (959.7936587731601, -812.969787983302) (1055.083171523134, -812.969787983302)
[Detail] (959.7936587731601, -812.969787983302) (989.792093344442, -782.9713534120219)
[Detail] (959.7936587731601, -812.969787983302) (989.792093344442, -842.96849428938)
[Detail] (1055.083171523134, -812.969787983302) (1112.205086520944, -812.969787983302)
[Detail] (1324.921258935494, -2053.633549086815) (1436.837136931292, -2053.633549086815)
[Detail] (1324.921258935494, -2053.633549086815) (1354.91996524157, -2023.634842780737)
[Detail] (1324.921258935494, -2053.633549086815) (1354.91996524157, -2083.631983658099)
[Detail] (1436.837136931292, -2053.633549086815) (1512.091914885565, -2053.633549086815)
[Detail] (2306.596633914735, -1873.457346793257) (2189.947135767558, -1777.707515298369)
[Detail] (2306.596633914735, -1873.457346793257) (2264.376111675902, -1877.611628358946)
[Detail] (2306.596633914735, -1873.457346793257) (2302.442080614252, -1831.236824554424)
[Detail] (2066.162968808971, -1676.101255473825) (2189.947135767558, -1777.707515298369)
[Detail] (1075.010027604707, -1899.906924924984) (1075.010027604707, -1776.012161904309)
[Detail] (1075.010027604707, -1899.906924924984) (1045.011321298627, -1869.908218618906)
[Detail] (1075.010027604707, -1899.906924924984) (1105.008462175991, -1869.908218618906)
[Detail] (1075.010027604707, -1776.012161904309) (1112.205086520944, -1776.012161904309)
[Detail] (439.9783084745213, -509.5081777405485) (393.1545987865247, -509.5081777405485)
[Detail] (439.9783084745213, -509.5081777405485) (409.9798739032394, -539.5066123118304)
[Detail] (439.9783084745213, -509.5081777405485) (409.9798739032394, -479.5097431692666)
[Detail] (1279.936922083587, -2390.858333426857) (2199.891814107399, -2390.858333426857)
[Detail] (2199.891814107399, -2390.858333426857) (2199.891814107399, -2306.886846677177)
[Detail] (2199.891814107399, -2306.886846677177) (1279.936922083587, -2306.886846677177)
[Detail] (1279.936922083587, -2306.886846677177) (1279.936922083587, -2390.858333426857)
[Detail] (12.01611269196474, 11.99926513459104) (0.0, 11.99926513459104)
[Detail] (0.0, 11.99926513459104) (0.0, 0.0)
[Detail] (0.0, 0.0) (2739.86553853405, 0.0)
[Detail] (2739.86553853405, 0.0) (2739.86553853405, -2272.8884759045)
[Detail] (2739.86553853405, -2272.8884759045) (-0.0002717347979342, -2272.8884759045)
[Detail] (-0.0002717347979342, -2272.8884759045) (-0.0002717347979342, -1126.939905849797)
[Detail] (-11.99953686939079, -1126.939905849797) (-11.99953686939079, -2284.888012773889)
[Detail] (-11.99953686939079, -2284.888012773889) (2751.864803668643, -2284.888012773889)
[Detail] (2751.864803668643, -2284.888012773889) (2751.864803668643, 11.99926513459104)
[Detail] (2751.864803668643, 11.99926513459104) (687.9327775372149, 11.99926513459104)
[Detail] (687.9327775372149, 11.99926513459104) (12.01611269196474, 11.99926513459104)
[Detail] (0.0, 22.01432278667562) (671.9346631404132, 22.01432278667562)
[Detail] (671.9346631404132, 22.01432278667562) (2767.864005004634, 22.01432278667562)
[Detail] (2767.864005004634, 22.01432278667562) (2767.864005004634, -2300.88721410988)
[Detail] (2767.864005004634, -2300.88721410988) (-27.9987382053805, -2300.88721410988)
[Detail] (-27.9987382053805, -2300.88721410988) (-27.9987382053805, -1126.939905849799)
[Detail] (-11.99953686939079, -1126.939905849797) (-11.99953686939079, -2284.888012773889)
[Detail] (-11.99953686939079, -2284.888012773889) (2751.864803668643, -2284.888012773889)
[Detail] (2751.864803668643, -2284.888012773889) (2751.864803668643, 11.99926513459104)
[Detail] (2751.864803668643, 11.99926513459104) (0.0, 11.99926513459104)
[Detail] (0.0, 11.99926513459104) (0.0, 17.99916943668541)
[Detail] (0.0, 17.99916943668541) (0.0, 22.01432278667562)
[Detail] (2729.865969765357, -965.9527996658835) (2729.865969765357, -933.9543969939004)
[Detail] (2679.86839765669, -883.9568248852338) (2679.86839765669, -141.9931156580078)
[Detail] (2597.87242287604, -59.99714087736174) (1829.910215278931, -59.99714087736174)
[Detail] (1829.910215278931, -59.99714087736174) (1295.574987875305, -59.99714087736174)
[Detail] (1245.577415766638, -9.99956876869328) (1213.579013094659, -9.99956876869328)
[Detail] (1295.574987875305, -91.99554354933935) (1829.910215278931, -91.99554354933935)
[Detail] (1829.910215278931, -91.99554354933935) (2597.87242287604, -91.99554354933935)
[Detail] (2647.869994984711, -141.9931156580078) (2647.869994984711, -883.9568248852338)
[Detail] (920.954604339362, -2272.8884759045) (380.9811516475074, -2272.8884759045)
[Detail] (552.5433608986605, -2154.428137074838) (545.9138470735634, -2101.496916105418)
[Detail] (523.7150163602055, -2101.496916105418) (517.0857742699027, -2154.428137074838)
[Detail] (521.2150562343304, -2180.982604837935) (521.2150562343304, -2166.112733315327)
[Detail] (548.413807199433, -2166.112733315327) (548.413807199433, -2180.982604837935)
[Detail] (548.413807199433, -2180.982604837935) (521.2150562343304, -2180.982604837935)
[Detail] (555.8134174372208, -2163.941028823374) (559.8133536386158, -2205.891718409494)
[Detail] (513.8157177313424, -2163.941028823374) (509.8157815299455, -2205.891718409494)
[Detail] (1744.914288347234, -7.959112183349134) (1739.914639830291, -7.959112183349134)
[Detail] (1739.914639830291, -7.959112183349134) (1739.914639830291, -5.999632567298249)
[Detail] (1939.904656530165, -5.999632567298249) (1939.904656530165, -7.959112183349134)
[Detail] (1939.904656530165, -7.959112183349134) (1934.905008013215, -7.959112183349134)
[Detail] (1739.914639830291, -5.999632567298249) (1739.914639830291, -7.959112183349134)
[Detail] (1939.904656530165, -5.999632567298249) (1939.904656530165, -7.959112183349134)
[Detail] (1289.93649085228, -2380.858764658164) (2191.892213439402, -2380.858764658164)
[Detail] (2191.892213439402, -2380.858764658164) (2191.892213439402, -2272.8884759045)
[Detail] (2191.892213439402, -2272.8884759045) (1289.93649085228, -2272.8884759045)
[Detail] (1289.93649085228, -2272.8884759045) (1289.93649085228, -2380.858764658164)
[Detail] (-113.9946491874252, -1407.935967467433) (-113.9946491874252, -1717.920697153335)
[Detail] (-113.9946491874252, -1717.920697153335) (-0.0002717347979342, -1717.920697153335)
[Detail] (-0.0002717347979342, -1717.920697153335) (-0.0002717347979342, -1407.935967467433)
[Detail] (-0.0002717347979342, -1407.935967467433) (-113.9946491874252, -1407.935967467433)
[Detail] (1324.921258935494, -2272.8884759045) (2156.907445356188, -2272.8884759045)
[Detail] (2156.907445356188, -2272.8884759045) (2156.907445356188, -1891.90732425699)
[Detail] (2156.907445356188, -1891.90732425699) (1324.921258935494, -1891.90732425699)
[Detail] (1324.921258935494, -1891.90732425699) (1324.921258935494, -2272.8884759045)
[Detail] (2280.637537090315, -512.4747065116517) (2282.346748958982, -509.3924187173288)
[Detail] (2282.346748958982, -509.3924187173288) (2283.951614665868, -506.2530666157854)
[Detail] (2283.951614665868, -506.2530666157854) (2285.451047271803, -503.0580088810038)
[Detail] (2285.451047271803, -503.0580088810038) (2286.843959837588, -499.808604186961)
[Detail] (2286.843959837588, -499.808604186961) (2288.128993689243, -496.5064829424391)
[Detail] (2288.128993689243, -496.5064829424391) (2289.401527740273, -492.8592585066253)
[Detail] (2289.401527740273, -492.8592585066253) (2290.541998680307, -489.1560567027809)
[Detail] (2290.541998680307, -489.1560567027809) (2291.548232630965, -485.40122528764)
[Detail] (2291.548232630965, -485.40122528764) (2292.417783979094, -481.5996554875328)
[Detail] (2292.417783979094, -481.5996554875328) (2293.148478846321, -477.7570537331922)
[Detail] (2293.148478846321, -477.7570537331922) (2293.738143354273, -473.8813003337018)
[Detail] (2293.738143354273, -473.8813003337018) (2294.183788420189, -469.9805473329525)
[Detail] (2294.183516685393, -449.9746164256612) (2293.738143354273, -446.073591690114)
[Detail] (2293.738143354273, -446.073591690114) (2293.148478846321, -442.19783829062)
[Detail] (2293.148478846321, -442.19783829062) (2292.417783979094, -438.3552365362757)
[Detail] (2292.417783979094, -438.3552365362757) (2291.548232630965, -434.5536667361739)
[Detail] (2291.548232630965, -434.5536667361739) (2290.541998680307, -430.798835321033)
[Detail] (2290.541998680307, -430.798835321033) (2289.401527740273, -427.0956335171868)
[Detail] (2289.401527740273, -427.0956335171868) (2288.128993689243, -423.4484090813748)
[Detail] (2288.128993689243, -423.4484090813748) (2286.843959837588, -420.1462878368548)
[Detail] (2286.843959837588, -420.1462878368548) (2285.451047271803, -416.8968831428137)
[Detail] (2285.451047271803, -416.8968831428137) (2283.951614665868, -413.7018254080285)
[Detail] (2283.951614665868, -413.7018254080285) (2282.346748958982, -410.5624733064869)
[Detail] (2282.346748958982, -410.5624733064869) (2280.637265355516, -407.4804572469602)
[Detail] (2179.219589479599, -352.4826931517509) (2174.006629147563, -352.5560615467493)
[Detail] (2174.006629147563, -352.5560615467493) (2168.764049722733, -352.7723624445971)
[Detail] (2168.764049722733, -352.7723624445971) (2163.477720995696, -353.1231720666092)
[Detail] (2163.477720995696, -353.1231720666092) (2158.144925618497, -353.5978927557262)
[Detail] (2158.144925618497, -353.5978927557262) (2152.64283946321, -354.1995135947182)
[Detail] (2152.64283946321, -354.1995135947182) (2146.244300214956, -355.0299351321792)
[Detail] (2146.244300214956, -355.0299351321792) (2139.859891176111, -355.9935067198239)
[Detail] (2139.859891176111, -355.9935067198239) (2133.543415836339, -357.0853371313169)
[Detail] (2133.543415836339, -357.0853371313169) (2127.321504205676, -358.3081437146247)
[Detail] (2127.321504205676, -358.3081437146247) (2123.229178173544, -359.1994338464592)
[Detail] (2123.229178173544, -359.1994338464592) (2119.179242769627, -360.1553968598091)
[Detail] (2119.179242769627, -360.1553968598091) (2115.168437176384, -361.1784783678413)
[Detail] (2115.168437176384, -361.1784783678413) (2111.192685371858, -362.2713957185206)
[Detail] (2111.192685371858, -362.2713957185206) (2107.248183068903, -363.4360510554234)
[Detail] (2107.248183068903, -363.4360510554234) (2103.332756389155, -364.6729878481365)
[Detail] (2103.332756389155, -364.6729878481365) (2098.091263903509, -366.4593723989528)
[Detail] (2098.091263903509, -366.4593723989528) (2092.922596343269, -368.3742875084099)
[Detail] (2092.922596343269, -368.3742875084099) (2087.838438304672, -370.4163745025326)
[Detail] (2087.838438304672, -370.4163745025326) (2085.332500013279, -371.4848357215469)
[Detail] (2085.332500013279, -371.4848357215469) (2082.852919997131, -372.5842747073384)
[Detail] (2082.852919997131, -372.5842747073384) (2080.401056930205, -373.714691459907)
[Detail] (2080.401056930205, -373.714691459907) (2077.979356425665, -374.8755425096606)
[Detail] (2077.979356425665, -374.8755425096606) (2075.58917715749, -376.0668278565972)
[Detail] (2075.58917715749, -376.0668278565972) (2073.232421269266, -377.2882757659227)
[Detail] (2073.232421269266, -377.2882757659227) (2070.910447434963, -378.5396145028408)
[Detail] (2070.910447434963, -378.5396145028408) (2068.625429532956, -379.8203005977575)
[Detail] (2068.625429532956, -379.8203005977575) (2066.378454502432, -381.1308775202669)
[Detail] (2066.378454502432, -381.1308775202669) (2064.170881017366, -382.4705300659807)
[Detail] (2064.170881017366, -382.4705300659807) (2062.004339486543, -383.8395299696876)
[Detail] (2062.004339486543, -383.8395299696876) (2059.879645114346, -385.2376054966044)
[Detail] (2059.879645114346, -385.2376054966044) (2057.797613105169, -386.6650283815161)
[Detail] (2057.797613105169, -386.6650283815161) (2055.759330398196, -388.122070359228)
[Detail] (2055.759330398196, -388.122070359228) (2053.765340463015, -389.6084596949368)
[Detail] (2053.765340463015, -389.6084596949368) (2051.815371564837, -391.1247398582364)
[Detail] (2051.815371564837, -391.1247398582364) (2049.91023890804, -392.6711825839266)
[Detail] (2049.91023890804, -392.6711825839266) (2048.04912728825, -394.2486030763921)
[Detail] (2048.04912728825, -394.2486030763921) (2045.096456991756, -396.897745605429)
[Detail] (2045.096456991756, -396.897745605429) (2042.264708679613, -399.6286803081457)
[Detail] (2042.264708679613, -399.6286803081457) (2039.550621534265, -402.4454832064948)
[Detail] (2039.550621534265, -402.4454832064948) (2036.960988925614, -405.3421761349491)
[Detail] (2036.960988925614, -405.3421761349491) (2034.506951980318, -408.3059875580893)
[Detail] (2034.506951980318, -408.3059875580893) (2032.200467029405, -411.323874205691)
[Detail] (2032.200467029405, -411.323874205691) (2030.049686116763, -414.3871405642749)
[Detail] (2030.049686116763, -414.3871405642749) (2028.054065772809, -417.4963301034313)
[Detail] (2028.054065772809, -417.4963301034313) (2026.525014074083, -420.0976473083192)
[Detail] (2026.525014074083, -420.0976473083192) (2025.093243432428, -422.7443442241893)
[Detail] (2025.093243432428, -422.7443442241893) (2023.753590886714, -425.4453880993169)
[Detail] (2023.753590886714, -425.4453880993169) (2022.495730514686, -428.2230611869963)
[Detail] (2022.495730514686, -428.2230611869963) (2021.309064659287, -431.0999174753251)
[Detail] (2021.309064659287, -431.0999174753251) (2020.187615154995, -434.0873698257401)
[Detail] (2020.187615154995, -434.0873698257401) (2019.134371084572, -437.1721032332298)
[Detail] (2019.134371084572, -437.1721032332298) (2018.165636535796, -440.3049336996628)
[Detail] (2018.165636535796, -440.3049336996628) (2017.156685237173, -443.9782446759182)
[Detail] (2017.156685237173, -443.9782446759182) (2016.299361954873, -447.6091650239487)
[Detail] (2016.299361954873, -447.6091650239487) (2015.935509062641, -449.3876692656722)
[Detail] (2015.935509062641, -449.3876692656722) (2015.618938024964, -451.1313914534694)
[Detail] (2015.618938024964, -451.1313914534694) (2015.161608362807, -454.2666675330674)
[Detail] (2015.161608362807, -454.2666675330674) (2015.000741363401, -455.7709913653325)
[Detail] (2015.000741363401, -455.7709913653325) (2014.886069279368, -457.2261311994644)
[Detail] (2014.886069279368, -457.2261311994644) (2014.817863845496, -458.6261088699557)
[Detail] (2014.817863845496, -458.6261088699557) (2014.794766387815, -459.9733699899643)
[Detail] (2014.794766387815, -459.9733699899643) (2014.817048641107, -461.3154681488413)
[Detail] (2014.817048641107, -461.3154681488413) (2014.880091113846, -462.6472403854605)
[Detail] (2014.880091113846, -462.6472403854605) (2015.115956917031, -465.3042632235902)
[Detail] (2015.115956917031, -465.3042632235902) (2015.476277256912, -467.9498732002721)
[Detail] (2015.476277256912, -467.9498732002721) (2015.806706769199, -469.8802771931205)
[Detail] (2015.806706769199, -469.8802771931205) (2016.185233340435, -471.8019856724877)
[Detail] (2016.185233340435, -471.8019856724877) (2016.62653064961, -473.8027689775754)
[Detail] (2016.62653064961, -473.8027689775754) (2017.109946852208, -475.7921394212153)
[Detail] (2017.109946852208, -475.7921394212153) (2018.164549596611, -479.6502300589455)
[Detail] (2018.164549596611, -479.6502300589455) (2019.134371084572, -482.782788790586)
[Detail] (2019.134371084572, -482.782788790586) (2020.187615154995, -485.8677939328718)
[Detail] (2020.187615154995, -485.8677939328718) (2021.309064659287, -488.8549745484925)
[Detail] (2021.309064659287, -488.8549745484925) (2022.495730514686, -491.7318308368176)
[Detail] (2022.495730514686, -491.7318308368176) (2023.753590886714, -494.5095039245007)
[Detail] (2023.753590886714, -494.5095039245007) (2025.093243432428, -497.2105477996283)
[Detail] (2025.093243432428, -497.2105477996283) (2026.525014074083, -499.8572447154947)
[Detail] (2026.525014074083, -499.8572447154947) (2028.054065772809, -502.4585619203826)
[Detail] (2028.054065772809, -502.4585619203826) (2030.049686116763, -505.5677514595391)
[Detail] (2030.049686116763, -505.5677514595391) (2032.200467029405, -508.6310178181211)
[Detail] (2032.200467029405, -508.6310178181211) (2034.506951980318, -511.6489044657246)
[Detail] (2034.506951980318, -511.6489044657246) (2036.960988925614, -514.6127158888648)
[Detail] (2036.960988925614, -514.6127158888648) (2039.550621534265, -517.5094088173228)
[Detail] (2039.550621534265, -517.5094088173228) (2042.264708679613, -520.3264834504625)
[Detail] (2042.264708679613, -520.3264834504625) (2045.096456991756, -523.0571464183886)
[Detail] (2045.096456991756, -523.0571464183886) (2048.04912728825, -525.7062889474219)
[Detail] (2048.04912728825, -525.7062889474219) (2049.91023890804, -527.2837094398892)
[Detail] (2049.91023890804, -527.2837094398892) (2051.815371564837, -528.8301521655812)
[Detail] (2051.815371564837, -528.8301521655812) (2053.765340463015, -530.3464323288808)
[Detail] (2053.765340463015, -530.3464323288808) (2055.759330398196, -531.8328216645859)
[Detail] (2055.759330398196, -531.8328216645859) (2057.797613105169, -533.289863642296)
[Detail] (2057.797613105169, -533.289863642296) (2059.879645114346, -534.7172865272114)
[Detail] (2059.879645114346, -534.7172865272114) (2062.004339486543, -536.1156337889224)
[Detail] (2062.004339486543, -536.1156337889224) (2064.170881017366, -537.4843619578369)
[Detail] (2064.170881017366, -537.4843619578369) (2066.378454502432, -538.8240145035488)
[Detail] (2066.378454502432, -538.8240145035488) (2068.625429532956, -540.1345914260583)
[Detail] (2068.625429532956, -540.1345914260583) (2070.910447434963, -541.4155492557693)
[Detail] (2070.910447434963, -541.4155492557693) (2073.232421269266, -542.6666162578913)
[Detail] (2073.232421269266, -542.6666162578913) (2075.58917715749, -543.8880641672167)
[Detail] (2075.58917715749, -543.8880641672167) (2077.979356425665, -545.079349514157)
[Detail] (2077.979356425665, -545.079349514157) (2080.401056930205, -546.2402005639087)
[Detail] (2080.401056930205, -546.2402005639087) (2082.852919997131, -547.3706173164755)
[Detail] (2082.852919997131, -547.3706173164755) (2085.332500013279, -548.4700563022652)
[Detail] (2085.332500013279, -548.4700563022652) (2087.838438304672, -549.5385175212796)
[Detail] (2087.838438304672, -549.5385175212796) (2092.922596343269, -551.580604515404)
[Detail] (2092.922596343269, -551.580604515404) (2098.091263903509, -553.4955196248629)
[Detail] (2098.091263903509, -553.4955196248629) (2103.332756389155, -555.2819041756757)
[Detail] (2103.332756389155, -555.2819041756757) (2107.248183068903, -556.5188409683888)
[Detail] (2107.248183068903, -556.5188409683888) (2111.192685371858, -557.6834963052916)
[Detail] (2111.192685371858, -557.6834963052916) (2115.168437176384, -558.7764136559708)
[Detail] (2115.168437176384, -558.7764136559708) (2119.179242769627, -559.7994951640048)
[Detail] (2119.179242769627, -559.7994951640048) (2123.229178173544, -560.7554581773529)
[Detail] (2123.229178173544, -560.7554581773529) (2127.321504205676, -561.6467483091874)
[Detail] (2127.321504205676, -561.6467483091874) (2133.543415836339, -562.8695548924952)
[Detail] (2133.543415836339, -562.8695548924952) (2139.859891176111, -563.96138530399)
[Detail] (2139.859891176111, -563.96138530399) (2146.244300214956, -564.9249568916384)
[Detail] (2146.244300214956, -564.9249568916384) (2152.64283946321, -565.7553784290994)
[Detail] (2152.64283946321, -565.7553784290994) (2158.144925618497, -566.3569992680841)
[Detail] (2158.144925618497, -566.3569992680841) (2163.477720995696, -566.8317199572066)
[Detail] (2163.477720995696, -566.8317199572066) (2168.764049722733, -567.1825295792187)
[Detail] (2168.764049722733, -567.1825295792187) (2174.006629147563, -567.3988304770628)
[Detail] (2174.006629147563, -567.3988304770628) (2179.219589479599, -567.4721988720612)
[Detail] (2179.219589479599, -567.4721988720612) (2180.796194767681, -567.4624164193956)
[Detail] (2734.865618282304, -564.9947927342819) (2739.86553853405, -564.9947927342819)
[Detail] (2739.86553853405, -564.9947927342819) (2739.86553853405, -355.0049355309202)
[Detail] (2739.86553853405, -355.0049355309202) (2734.865618282304, -355.0049355309202)
[Detail] (2734.865618282304, -355.0049355309202) (2734.865618282304, -564.9947927342819)
[Detail] (2721.866369097359, -221.4891303127843) (2648.869979035059, -221.4891303127843)
[Detail] (2595.000729548843, -237.2396943101685) (2544.27898420806, -269.6731443910103)
[Detail] (2503.877182960798, -281.486271190146) (2460.255052642701, -281.486271190146)
[Detail] (2460.255052642701, -281.486271190146) (2460.330594916068, -282.1463150103373)
[Detail] (2460.330594916068, -282.1463150103373) (2460.444451795713, -283.2183087817011)
[Detail] (2460.444451795713, -283.2183087817011) (2460.553417449028, -284.3199216458615)
[Detail] (2460.553417449028, -284.3199216458615) (2460.657763610802, -285.4500666636359)
[Detail] (2460.657763610802, -285.4500666636359) (2460.756675076649, -286.6073851610363)
[Detail] (2460.756675076649, -286.6073851610363) (2460.895531557555, -288.391867568278)
[Detail] (2460.895531557555, -288.391867568278) (2461.022703442221, -290.2301534651797)
[Detail] (2461.022703442221, -290.2301534651797) (2461.13764726105, -292.1181668298086)
[Detail] (2461.13764726105, -292.1181668298086) (2461.240363014047, -294.0507447010241)
[Detail] (2461.240363014047, -294.0507447010241) (2461.33030723162, -296.0229958524997)
[Detail] (2461.33030723162, -296.0229958524997) (2461.407479913767, -298.0297573231055)
[Detail] (2461.407479913767, -298.0297573231055) (2461.47160932569, -300.06586615171)
[Detail] (2461.47160932569, -300.06586615171) (2461.522695467393, -302.1258876423872)
[Detail] (2461.522695467393, -302.1258876423872) (2461.560738338874, -304.204115364415)
[Detail] (2461.560738338874, -304.204115364415) (2461.584922735743, -306.2956580914652)
[Detail] (2461.585047205943, -306.2955389307281) (2461.586044394724, -306.4849827621074)
[Detail] (2461.586009674931, -306.4850572444793) (2503.877182960798, -306.4850572444793)
[Detail] (2557.746160712217, -290.7344932470951) (2608.468177787796, -258.3007714314572)
[Detail] (2648.869979035059, -246.4879163671212) (2721.866369097359, -246.4879163671212)
[Detail] (2721.866369097359, -246.4879163671212) (2721.866369097359, -221.4891303127843)
[Detail] (2739.86553853405, -256.7874803509148) (2739.86553853405, -213.1895344296863)
[Detail] (2739.86553853405, -213.1895344296863) (2725.866033563962, -213.1895344296863)
[Detail] (2721.866369097359, -217.1894706310832) (2721.866369097359, -252.7875441495198)
[Detail] (2725.866033563962, -256.7874803509148) (2739.86553853405, -256.7874803509148)
[Detail] (2739.86553853405, -663.1674116728973) (2725.866033563962, -663.1674116728973)
[Detail] (2721.866369097359, -667.1673478742923) (2721.866369097359, -702.7654213927344)
[Detail] (2725.866033563962, -706.7653575941295) (2739.86553853405, -706.7653575941295)
[Detail] (2739.86553853405, -706.7653575941295) (2739.86553853405, -663.1674116728973)
[Detail] (2648.869979035059, -696.4657936103285) (2721.866369097359, -696.4657936103285)
[Detail] (2721.866369097359, -696.4657936103285) (2721.866369097359, -671.467007555997)
[Detail] (2721.866369097359, -671.467007555997) (2648.869979035059, -671.467007555997)
[Detail] (2608.468177787796, -659.6541524916574) (2557.746160712217, -627.2207024108175)
[Detail] (2503.877182960798, -611.470138413435) (2461.586009674931, -611.470138413435)
[Detail] (2461.586044394724, -611.4700211721229) (2461.585047205943, -611.6594650036441)
[Detail] (2461.584922735743, -611.6595375664474) (2461.560738338874, -613.7508085586996)
[Detail] (2461.560738338874, -613.7508085586996) (2461.522695467393, -615.8293080155272)
[Detail] (2461.522695467393, -615.8293080155272) (2461.47160932569, -617.8890577714083)
[Detail] (2461.47160932569, -617.8890577714083) (2461.407479913767, -619.9251666000109)
[Detail] (2461.407479913767, -619.9251666000109) (2461.33030723162, -621.9319280706186)
[Detail] (2461.33030723162, -621.9319280706186) (2461.240363014047, -623.9041792220924)
[Detail] (2461.240363014047, -623.9041792220924) (2461.13764726105, -625.8367570933096)
[Detail] (2461.13764726105, -625.8367570933096) (2461.022703442221, -627.7247704579386)
[Detail] (2461.022703442221, -627.7247704579386) (2460.895531557555, -629.5630563548402)
[Detail] (2460.895531557555, -629.5630563548402) (2460.756675076649, -631.347538762082)
[Detail] (2460.756675076649, -631.347538762082) (2460.657763610802, -632.5048572594824)
[Detail] (2460.657763610802, -632.5048572594824) (2460.553417449028, -633.6350022772531)
[Detail] (2460.553417449028, -633.6350022772531) (2460.444451795713, -634.7366151414153)
[Detail] (2460.444451795713, -634.7366151414153) (2460.330594916068, -635.808608912781)
[Detail] (2460.330594916068, -635.808608912781) (2460.255052642701, -636.4689244677684)
[Detail] (2460.255052642701, -636.4689244677684) (2503.877182960798, -636.4689244677684)
[Detail] (2544.27898420806, -648.2817795321062) (2595.000729548843, -680.7152296129461)
[Detail] (2453.175817729738, -652.3624209680002) (2453.451628547973, -652.3251933009087)
[Detail] (2453.451628547973, -652.3251933009087) (2453.724722018247, -652.2708463416511)
[Detail] (2453.72482947055, -652.2709449322992) (2453.880141065329, -652.2324336379461)
[Detail] (2453.880141065329, -652.2324336379461) (2454.034041291354, -652.1886125454821)
[Detail] (2454.034041291354, -652.1886125454821) (2454.183310702072, -652.1405802338231)
[Detail] (2454.183310702072, -652.1405802338231) (2454.330894099312, -652.0875432848661)
[Detail] (2454.330894099312, -652.0875432848661) (2454.48377966564, -652.0266942191465)
[Detail] (2454.48377966564, -652.0266942191465) (2454.634468074132, -651.9605353553143)
[Detail] (2454.634468074132, -651.9605353553143) (2454.778908315017, -651.8912028190462)
[Detail] (2454.778908315017, -651.8912028190462) (2454.920968301576, -651.8170792580459)
[Detail] (2454.920968301576, -651.8170792580459) (2455.071176081787, -651.7320309400075)
[Detail] (2455.071176081787, -651.7320309400075) (2455.218309366828, -651.6417643721052)
[Detail] (2455.218309366828, -651.6417643721052) (2455.356493811087, -651.5503992252779)
[Detail] (2455.356493811087, -651.5503992252779) (2455.491596131149, -651.454517698452)
[Detail] (2455.491596131149, -651.454517698452) (2455.63861498089, -651.3424016164754)
[Detail] (2455.63861498089, -651.3424016164754) (2455.78155230478, -651.2250978007123)
[Detail] (2455.78155230478, -651.2250978007123) (2455.914549015252, -651.1081906940053)
[Detail] (2455.914549015252, -651.1081906940053) (2456.043654925379, -650.9869808198582)
[Detail] (2456.043706769786, -650.9868994291774) (2456.185008863861, -650.8447821307182)
[Detail] (2456.185008863861, -650.8447821307182) (2456.321419731598, -650.6980453407232)
[Detail] (2456.321397037544, -650.6979630157293) (2456.445734810001, -650.5547205310268)
[Detail] (2456.445734810001, -650.5547205310268) (2456.565579089515, -650.407755084434)
[Detail] (2456.565709313462, -650.4078325782848) (2456.727934986848, -650.1934338240098)
[Detail] (2456.727934986848, -650.1934338240098) (2456.877117390013, -649.9795785393271)
[Detail] (2456.877117390013, -649.9795785393271) (2457.014615196935, -649.7665384590382)
[Detail] (2457.014615196935, -649.7665384590382) (2457.142602285989, -649.5540418483379)
[Detail] (2457.142602285989, -649.5540418483379) (2457.32276245593, -649.2276883579925)
[Detail] (2457.32276245593, -649.2276883579925) (2457.487433742481, -648.8994327240744)
[Detail] (2457.487433742481, -648.8994327240744) (2457.6398769632, -648.567372803007)
[Detail] (2457.6398769632, -648.567372803007) (2457.782537731251, -648.2301499208115)
[Detail] (2457.782537731251, -648.2301499208115) (2457.895035936916, -647.9442849151164)
[Detail] (2457.895035936916, -647.9442849151164) (2458.003186385839, -647.652713478692)
[Detail] (2458.003186385839, -647.652713478692) (2458.10698907802, -647.3554356115528)
[Detail] (2458.10698907802, -647.3554356115528) (2458.207530952652, -647.0513643745035)
[Detail] (2458.207530952652, -647.0513643745035) (2458.305083744519, -646.7399562979554)
[Detail] (2458.305083744519, -646.7399562979554) (2458.399919188422, -646.4212113819067)
[Detail] (2458.399919188422, -646.4212113819067) (2458.492309019163, -646.094586156767)
[Detail] (2458.492309019163, -646.094586156767) (2458.65208907938, -645.4921501133886)
[Detail] (2458.65208907938, -645.4921501133886) (2458.787684742729, -644.9391698029376)
[Detail] (2458.787684742729, -644.9391698029376) (2458.920291323321, -644.3606464216336)
[Detail] (2458.920291323321, -644.3606464216336) (2459.049093616759, -643.7598407870355)
[Detail] (2459.049093616759, -643.7598407870355) (2459.174363357852, -643.1364811643489)
[Detail] (2459.174363357852, -643.1364811643489) (2459.311045960385, -642.4095905842696)
[Detail] (2459.311045960385, -642.4095905842696) (2459.458054485178, -641.5691148593414)
[Detail] (2459.458054485178, -641.5691148593414) (2459.600443518433, -640.6933136109001)
[Detail] (2459.600443518433, -640.6933136109001) (2459.738213060151, -639.7832737781227)
[Detail] (2459.738213060151, -639.7832737781227) (2459.871091375539, -638.8392670958074)
[Detail] (2459.871091375539, -638.8392670958074) (2459.999350199389, -637.8621087683496)
[Detail] (2459.999350199389, -637.8621087683496) (2460.122989531701, -636.8520705305382)
[Detail] (2460.122989531701, -636.8520705305382) (2460.24173763768, -635.8107827911517)
[Detail] (2460.24173763768, -635.8107827911517) (2460.355594517325, -634.738789019786)
[Detail] (2460.355594517325, -634.738789019786) (2460.464831905436, -633.6369044208295)
[Detail] (2460.464831905436, -633.6369044208295) (2460.568906332414, -632.5070311378531)
[Detail] (2460.568906332414, -632.5070311378531) (2460.667817798265, -631.3497126404509)
[Detail] (2460.667817798265, -631.3497126404509) (2460.806946013963, -629.565230233211)
[Detail] (2460.806946013963, -629.565230233211) (2460.933846163833, -627.7266726015114)
[Detail] (2460.933846163833, -627.7266726015114) (2461.048789982662, -625.8389309716822)
[Detail] (2461.048789982662, -625.8389309716822) (2461.151505735659, -623.9063531004613)
[Detail] (2461.151505735659, -623.9063531004613) (2461.241449953232, -621.9341019489875)
[Detail] (2461.241449953232, -621.9341019489875) (2461.318622635383, -619.9273404783835)
[Detail] (2461.318622635383, -619.9273404783835) (2461.383023782102, -617.8912316497772)
[Detail] (2461.383023782102, -617.8912316497772) (2461.434109923801, -615.8312101591)
[Detail] (2461.434109923801, -615.8312101591) (2461.471881060487, -613.7529824370686)
[Detail] (2461.471881060487, -613.7529824370686) (2461.496337192155, -611.6614397100238)
[Detail] (2461.496337192155, -611.6614397100238) (2461.507206584003, -609.5628318782692)
[Detail] (2461.507206584003, -609.5628318782692) (2461.543347311912, -590.7362299868801)
[Detail] (2461.543347311912, -590.7362299868801) (2461.57486854828, -571.9134323826329)
[Detail] (2461.57486854828, -571.9134323826329) (2461.601498558317, -553.0906347783894)
[Detail] (2461.601498558317, -553.0906347783894) (2461.622965607225, -534.2678371741458)
[Detail] (2461.622965607225, -534.2678371741458) (2461.640084899391, -515.4450395699023)
[Detail] (2461.640084899391, -515.4450395699023) (2461.652041230427, -496.6219702308626)
[Detail] (2461.652041230427, -496.6219702308626) (2461.659378069926, -477.7991726266155)
[Detail] (2461.659378069926, -477.7991726266155) (2461.661551948299, -458.9763750223738)
[Detail] (2461.661551948299, -458.9763750223738) (2461.659378069926, -440.1535774181284)
[Detail] (2461.659378069926, -440.1535774181284) (2461.652041230427, -421.3307798138849)
[Detail] (2461.652041230427, -421.3307798138849) (2461.640084899391, -402.5077104748452)
[Detail] (2461.640084899391, -402.5077104748452) (2461.622965607225, -383.6849128705981)
[Detail] (2461.622965607225, -383.6849128705981) (2461.601498558317, -364.8621152663545)
[Detail] (2461.601498558317, -364.8621152663545) (2461.57486854828, -346.039317662111)
[Detail] (2461.57486854828, -346.039317662111) (2461.543347311912, -327.2165200578693)
[Detail] (2461.543347311912, -327.2165200578693) (2461.507206584003, -308.3937224536239)
[Detail] (2461.507206584003, -308.3937224536239) (2461.496337192155, -306.2975602350398)
[Detail] (2461.496337192155, -306.2975602350398) (2461.471881060487, -304.2062892427875)
[Detail] (2461.471881060487, -304.2062892427875) (2461.434109923801, -302.1280615207597)
[Detail] (2461.434109923801, -302.1280615207597) (2461.383023782102, -300.0680400300789)
[Detail] (2461.383023782102, -300.0680400300789) (2461.318622635383, -298.0319312014763)
[Detail] (2461.318622635383, -298.0319312014763) (2461.241449953232, -296.0251697308686)
[Detail] (2461.241449953232, -296.0251697308686) (2461.151505735659, -294.0529185793948)
[Detail] (2461.151505735659, -294.0529185793948) (2461.048789982662, -292.1203407081775)
[Detail] (2461.048789982662, -292.1203407081775) (2460.933846163833, -290.2323273435522)
[Detail] (2460.933846163833, -290.2323273435522) (2460.806946013963, -288.394041446647)
[Detail] (2460.806946013963, -288.394041446647) (2460.667817798265, -286.6095590394052)
[Detail] (2460.667817798265, -286.6095590394052) (2460.568906332414, -285.4522405420048)
[Detail] (2460.568906332414, -285.4522405420048) (2460.464831905436, -284.3220955242341)
[Detail] (2460.464831905436, -284.3220955242341) (2460.355594517325, -283.22048266007)
[Detail] (2460.355594517325, -283.22048266007) (2460.24173763768, -282.1484888887062)
[Detail] (2460.24173763768, -282.1484888887062) (2460.122989531701, -281.1069294145254)
[Detail] (2460.122989531701, -281.1069294145254) (2459.999350199389, -280.0971629115065)
[Detail] (2459.999350199389, -280.0971629115065) (2459.871091375539, -279.1197328492508)
[Detail] (2459.871091375539, -279.1197328492508) (2459.738213060151, -278.1757261669391)
[Detail] (2459.738213060151, -278.1757261669391) (2459.600443518433, -277.2656863341617)
[Detail] (2459.600443518433, -277.2656863341617) (2459.458054485178, -276.3901568205147)
[Detail] (2459.458054485178, -276.3901568205147) (2459.311045960385, -275.5496810955865)
[Detail] (2459.311045960385, -275.5496810955865) (2459.174363357852, -274.8225187807147)
[Detail] (2459.174363357852, -274.8225187807147) (2459.049093616759, -274.1991591580245)
[Detail] (2459.049093616759, -274.1991591580245) (2458.920291323321, -273.5983535234263)
[Detail] (2458.920291323321, -273.5983535234263) (2458.787684742729, -273.0198301421242)
[Detail] (2458.787684742729, -273.0198301421242) (2458.65208907938, -272.4668498316714)
[Detail] (2458.65208907938, -272.4668498316714) (2458.492309019163, -271.8646855230945)
[Detail] (2458.492309019163, -271.8646855230945) (2458.399919188422, -271.5380602979531)
[Detail] (2458.399919188422, -271.5380602979531) (2458.305083744519, -271.2190436471064)
[Detail] (2458.305083744519, -271.2190436471064) (2458.207530952652, -270.9079073053545)
[Detail] (2458.207530952652, -270.9079073053545) (2458.10698907802, -270.6038360683069)
[Detail] (2458.10698907802, -270.6038360683069) (2458.003186385839, -270.306286466368)
[Detail] (2458.003186385839, -270.306286466368) (2457.895035936916, -270.0149867647451)
[Detail] (2457.895035936916, -270.0149867647451) (2457.782537731251, -269.7288500242503)
[Detail] (2457.782537731251, -269.7288500242503) (2457.6398769632, -269.391898876851)
[Detail] (2457.6398769632, -269.391898876851) (2457.487433742481, -269.0598389557817)
[Detail] (2457.487433742481, -269.0598389557817) (2457.32276245593, -268.7315833218636)
[Detail] (2457.32276245593, -268.7315833218636) (2457.142602285989, -268.40522983152)
[Detail] (2457.142602285989, -268.40522983152) (2457.014615196935, -268.1924614860218)
[Detail] (2457.014615196935, -268.1924614860218) (2456.877117390013, -267.979421405731)
[Detail] (2456.877117390013, -267.979421405731) (2456.727934986848, -267.7658378558463)
[Detail] (2456.727934986848, -267.7658378558463) (2456.565709313462, -267.5514391015749)
[Detail] (2456.565579089515, -267.5513994629327) (2456.445734810001, -267.4044340163382)
[Detail] (2456.445734810001, -267.4044340163382) (2456.321397037544, -267.2612220477185)
[Detail] (2456.321419731598, -267.2612263391366) (2456.185008863861, -267.1142178143436)
[Detail] (2456.185008863861, -267.1142178143436) (2456.043706769786, -266.9721005158826)
[Detail] (2456.043654925379, -266.9721889855446) (2455.914549015252, -266.8509791114011)
[Detail] (2455.914549015252, -266.8509791114011) (2455.78155230478, -266.7340567466526)
[Detail] (2455.78155230478, -266.7340567466526) (2455.63861498089, -266.6167834469707)
[Detail] (2455.63861498089, -266.6167834469707) (2455.491596131149, -266.504667364994)
[Detail] (2455.491596131149, -266.504667364994) (2455.356493811087, -266.4087858381681)
[Detail] (2455.356493811087, -266.4087858381681) (2455.218309366828, -266.3173901752598)
[Detail] (2455.218309366828, -266.3173901752598) (2455.071176081787, -266.2271388653971)
[Detail] (2455.071176081787, -266.2271388653971) (2454.920968301576, -266.1420905473606)
[Detail] (2454.920968301576, -266.1420905473606) (2454.778908315017, -266.0679822443999)
[Detail] (2454.778908315017, -266.0679822443999) (2454.634468074132, -265.9986344500921)
[Detail] (2454.634468074132, -265.9986344500921) (2454.48377966564, -265.9324908442995)
[Detail] (2454.48377966564, -265.9324908442995) (2454.330894099312, -265.8716112625007)
[Detail] (2454.330894099312, -265.8716112625007) (2454.183310702072, -265.8186048296193)
[Detail] (2454.183310702072, -265.8186048296193) (2454.034041291354, -265.7705572599225)
[Detail] (2454.034041291354, -265.7705572599225) (2453.880141065329, -265.7267209094189)
[Detail] (2453.880141065329, -265.7267209094189) (2453.72482947055, -265.6882096150639)
[Detail] (2453.724722018247, -265.6881536034107) (2453.451628547973, -265.6340783789474)
[Detail] (2453.451628547973, -265.6340783789474) (2453.175817729738, -265.5965789770598)
[Detail] (2441.504544973243, -265.5966223850646) (2441.375810640108, -265.6119041542661)
[Detail] (2441.375810640108, -265.6119041542661) (2441.24759732535, -265.6309156727948)
[Detail] (2441.24759732535, -265.6309156727948) (2441.119975259662, -265.6535280888911)
[Detail] (2441.119975259662, -265.6535280888911) (2440.946998668435, -265.6901321281748)
[Detail] (2440.946998668435, -265.6901321281748) (2440.775547881265, -265.7333276409772)
[Detail] (2440.775547881265, -265.7333276409772) (2440.606717662562, -265.7827789504063)
[Detail] (2440.606717662562, -265.7827789504063) (2440.439855731085, -265.8385470886242)
[Detail] (2440.439855731085, -265.8385470886242) (2440.270594472735, -265.9022494079254)
[Detail] (2440.270594472735, -265.9022494079254) (2440.103904194217, -265.9723906203453)
[Detail] (2440.103904194217, -265.9723906203453) (2439.939147872334, -266.0493674349273)
[Detail] (2439.939147872334, -266.0493674349273) (2439.777412642489, -266.1324932398547)
[Detail] (2439.777412642489, -266.1324932398547) (2439.614941212178, -266.2237973545161)
[Detail] (2439.614941212178, -266.2237973545161) (2439.456040163361, -266.3211741693194)
[Detail] (2439.456040163361, -266.3211741693194) (2439.29396544211, -266.429384192912)
[Detail] (2439.29396544211, -266.429384192912) (2439.136204931827, -266.5438042390106)
[Detail] (2439.136204931827, -266.5438042390106) (2438.983380397658, -266.663625631465)
[Detail] (2438.983380397658, -266.663625631465) (2438.835034098393, -266.7890009506791)
[Detail] (2438.835034098393, -266.7890009506791) (2438.675041897295, -266.822066682751)
[Detail] (2438.674962060497, -266.8221029083288) (2438.468443615315, -266.8889496682186)
[Detail] (2438.468443615315, -266.8889496682186) (2438.264642518094, -266.9867741948838)
[Detail] (2430.446288959229, -287.351666768076) (2430.031893394884, -291.1374759499922)
[Detail] (2430.031893394884, -291.1374759499922) (2428.819140999036, -303.0775028989956)
[Detail] (2428.819140999036, -303.0775028989956) (2429.714235418022, -460.0)
[Detail] (2429.714235418022, -460.0) (2428.819140999036, -614.8817687808605)
[Detail] (2428.819140999036, -614.8817687808605) (2430.031893394884, -626.8215239950678)
[Detail] (2430.031893394884, -626.8215239950678) (2431.513391504261, -636.125723420053)
[Detail] (2431.513391504261, -636.125723420053) (2433.057660351577, -641.288412814778)
[Detail] (2433.057660351577, -641.288412814778) (2435.070399987701, -646.5674047023094)
[Detail] (1959.318205581542, -9.99956876869328) (1959.318205581542, 0.0)
[Detail] (1959.318205581542, 0.0) (1644.333555643894, 0.0)
[Detail] (1644.333555643894, 0.0) (1644.333555643894, -9.99956876869328)
[Detail] (1644.333555643894, -9.99956876869328) (1959.318205581542, -9.99956876869328)
[Detail] (1651.833164286716, 0.0) (1951.818596938723, 0.0)
[Detail] (1951.818596938723, 0.0) (1951.818596938723, 85.9956392472468)
[Detail] (1951.818596938723, 85.9956392472468) (1651.833164286716, 85.9956392472468)
[Detail] (1651.833164286716, 85.9956392472468) (1651.833164286716, 0.0)
[Detail] (1659.332772929534, -69.9967096460532) (1944.318988295901, -69.9967096460532)
[Detail] (1944.318988295901, -69.9967096460532) (1944.318988295901, -59.99714087736174)
[Detail] (1944.318988295901, -59.99714087736174) (1659.332772929534, -59.99714087736174)
[Detail] (1659.332772929534, -59.99714087736174) (1659.332772929534, -69.9967096460532)
[Detail] (1659.332772929534, 0.0) (1944.318988295901, 0.0)
[Detail] (1944.318988295901, 0.0) (1944.318988295901, 49.99757210866846)
[Detail] (1944.318988295901, 49.99757210866846) (1659.332772929534, 49.99757210866846)
[Detail] (1659.332772929534, 49.99757210866846) (1659.332772929534, 0.0)
[Detail] (1659.332772929534, -59.99714087736174) (1944.318988295901, -59.99714087736174)
[Detail] (1944.318988295901, -59.99714087736174) (1944.318988295901, -9.99956876869328)
[Detail] (1944.318988295901, -9.99956876869328) (1659.332772929534, -9.99956876869328)
[Detail] (1659.332772929534, -9.99956876869328) (1659.332772929534, -59.99714087736174)
[Detail] (1321.74576610604, -2374.359140065692) (2160.082938185642, -2374.359140065692)
[Detail] (2160.082938185642, -2374.359140065692) (2160.082938185642, -2272.8884759045)
[Detail] (2160.082938185642, -2272.8884759045) (1321.74576610604, -2272.8884759045)
[Detail] (1321.74576610604, -2272.8884759045) (1321.74576610604, -2374.359140065692)
[Detail] (2609.871959745433, -5.999904302094365) (2549.874818868073, -5.999904302094365)
[Detail] (2549.874818868073, -5.999904302094365) (2549.874818868073, -15.99920133599153)
[Detail] (2549.874818868073, -15.99920133599153) (2609.871959745433, -15.99920133599153)
[Detail] (2609.871959745433, -15.99920133599153) (2609.871959745433, -5.999904302094365)
[Detail] (1982.40261999601, -9.99956876869328) (1982.40261999601, -59.99714087736174)
[Detail] (1982.40261999601, -59.99714087736174) (1997.40183728165, -59.99714087736174)
[Detail] (1997.40183728165, -59.99714087736174) (1997.40183728165, -9.99956876869328)
[Detail] (1997.40183728165, -9.99956876869328) (1982.40261999601, -9.99956876869328)
[Detail] (2019.900663210112, 0.0) (1959.903794067548, 0.0)
[Detail] (1959.903794067548, 0.0) (1959.903794067548, -9.99956876869328)
[Detail] (1959.903794067548, -9.99956876869328) (2019.900663210112, -9.99956876869328)
[Detail] (2019.900663210112, -9.99956876869328) (2019.900663210112, 0.0)
[Detail] (2572.373644796531, -9.99956876869328) (2572.373644796531, -59.99714087736174)
[Detail] (2572.373644796531, -59.99714087736174) (2587.372862082175, -59.99714087736174)
[Detail] (2587.372862082175, -59.99714087736174) (2587.372862082175, -9.99956876869328)
[Detail] (2587.372862082175, -9.99956876869328) (2572.373644796531, -9.99956876869328)
[Detail] (2739.86553853405, -979.9520329011739) (2739.86553853405, -919.954892023814)
[Detail] (2739.86553853405, -919.954892023814) (2729.865969765357, -919.954892023814)
[Detail] (2729.865969765357, -919.954892023814) (2729.865969765357, -979.9520329011739)
[Detail] (2729.865969765357, -979.9520329011739) (2739.86553853405, -979.9520329011739)
[Detail] (1259.576649001931, 0.0) (1199.579779859367, 0.0)
[Detail] (1199.579779859367, 0.0) (1199.579779859367, -9.99956876869328)
[Detail] (1199.579779859367, -9.99956876869328) (1259.576649001931, -9.99956876869328)
[Detail] (1259.576649001931, -9.99956876869328) (1259.576649001931, 0.0)
[Detail] (759.8033703384899, -2272.8884759045) (959.7936587731601, -1472.927865635409)
[Detail] (959.7936587731601, -1472.927865635409) (959.7936587731601, -772.9621278488557)
[Detail] (959.7936587731601, -772.9621278488557) (109.8352046606087, -772.9621278488557)
[Detail] (109.8352046606087, -772.9621278488557) (109.8352046606087, -1472.927865635409)
[Detail] (109.8352046606087, -1472.927865635409) (309.8254930952771, -2272.8884759045)
[Detail] (309.8254930952771, -2272.8884759045) (759.8033703384899, -2272.8884759045)
[Detail] (2609.871959745433, 0.0) (2549.874818868073, 0.0)
[Detail] (1997.40183728165, -9.99956876869328) (1982.40261999601, -9.99956876869328)
[Detail] (2019.900934944908, 0.0) (1959.903794067548, 0.0)
[Detail] (1959.903794067548, 0.0) (1959.903794067548, -9.99956876869328)
[Detail] (1959.903794067548, -9.99956876869328) (2019.900934944908, -9.99956876869328)
[Detail] (2019.900934944908, -9.99956876869328) (2019.900934944908, 0.0)
[Detail] (2739.86553853405, -609.9701623379096) (2739.86553853405, -289.9858638833139)
[Detail] (1259.576649001931, 0.0) (1199.579779859367, 0.0)
[Detail] (1199.579779859367, 0.0) (1199.579779859367, -9.99956876869328)
[Detail] (1199.579779859367, -9.99956876869328) (1259.576649001931, -9.99956876869328)
[Detail] (1259.576649001931, -9.99956876869328) (1259.576649001931, 0.0)
[Detail] (1245.577415766638, -9.99956876869328) (1213.578741359863, -9.99956876869328)
[Detail] (425.9790752392291, -2272.8884759045) (875.9569524824401, -2272.8884759045)
[Detail] (-94.99549570038653, -1417.935536236124) (-94.99549570038653, -1707.921128384644)
[Detail] (-94.99549570038653, -1707.921128384644) (-0.0002717347979342, -1707.921128384644)
[Detail] (-0.0002717347979342, -1707.921128384644) (-0.0002717347979342, -1417.935536236124)
[Detail] (-0.0002717347979342, -1417.935536236124) (-94.99549570038653, -1417.935536236124)
[Detail] (2608.051880079878, -2141.07536091992) (2671.688636818755, -2204.711574189203)
[Detail] (2671.688636818755, -2141.07536091992) (2608.051880079878, -2204.711574189203)
[Detail] (113.9943774526273, -1692.546101875732) (13.99923323529401, -1692.546101875732)
[Detail] (13.99923323529401, -1692.546101875732) (43.99766780657228, -1662.547667304449)
[Detail] (13.99923323529401, -1692.546101875732) (43.99766780657228, -1722.544536447013)
[Detail] (1392.032960249326, -141.9931156580078) (1392.032960249326, -91.99554354933935)
[Detail] (1392.032960249326, -91.99554354933935) (1422.03139482061, -121.9939781206249)
[Detail] (1392.032960249326, -91.99554354933935) (1362.03425394325, -121.9939781206249)
[Detail] (2878.515598960527, -592.247114165757) (2739.940398321171, -534.84738665236)
[Detail] (2739.940398321171, -534.84738665236) (2756.175581183452, -574.042585306086)
[Detail] (2739.940398321171, -534.84738665236) (2779.13549298649, -518.612454840295)
[Detail] (2447.340041244603, -706.8604647728316) (2447.340041244603, -656.862892664165)
[Detail] (2447.340041244603, -656.862892664165) (2477.338747550686, -686.8615989702448)
[Detail] (2447.340041244603, -656.862892664165) (2417.341606673323, -686.8615989702448)
[Detail] (415.1814213738307, -2216.218184138123) (415.1814213738307, -2266.215756246791)
[Detail] (415.1814213738307, -2266.215756246791) (385.1827150677491, -2236.217321675507)
[Detail] (415.1814213738307, -2266.215756246791) (445.1798559451108, -2236.217321675507)
[Detail] (609.8109257472806, -2205.89199014429) (559.8133536386158, -2205.89199014429)
[Detail] (559.8133536386158, -2205.89199014429) (589.8117882098977, -2175.893283838212)
[Detail] (559.8133536386158, -2205.89199014429) (589.8117882098977, -2235.89042471557)
[Detail] (1815.805820677473, -460.0) (3218.905452240528, -460.0)
[Detail] (3544.446455544465, -1562.928332310385) (-160.6814045380888, -1562.928332310385)
[Detail] (1712.069425309277, -125.4702843355317) (1712.069425309277, -12.26424330309419)
[Detail] (1712.069425309277, -12.26424330309419) (1742.068131615353, -42.26267787437428)
[Detail] (1712.069425309277, -12.26424330309419) (1682.070990737993, -42.26267787437428)
[Detail] (834.56087361555, -2102.58684437334) (834.56087361555, -2152.584416482007)
[Detail] (834.56087361555, -2152.584416482007) (804.5624390442699, -2122.585981910725)
[Detail] (834.56087361555, -2152.584416482007) (864.5595799216317, -2122.585981910725)
[Detail] (2322.755071841355, -173.2847361248387) (2372.752643950018, -173.2847361248387)
[Detail] (2372.752643950018, -173.2847361248387) (2342.753937643946, -143.2863015535568)
[Detail] (2372.752643950018, -173.2847361248387) (2342.753937643946, -203.2834424309149)
[Detail] (2597.87242287604, -879.1685860397993) (2647.869994984711, -879.1685860397993)
[Detail] (2647.869994984711, -879.1685860397993) (2617.871560413427, -849.1698797337194)
[Detail] (2647.869994984711, -879.1685860397993) (2617.871560413427, -909.1670206110812)
[Detail] (1098.991166846932, -2192.892469224551) (1098.991166846932, -2242.890041333216)
[Detail] (1098.991166846932, -2242.890041333216) (1068.992460540854, -2212.891606761936)
[Detail] (1098.991166846932, -2242.890041333216) (1128.989601418216, -2212.891606761936)
[Detail] (834.56087361555, -1653.520093902087) (834.56087361555, -2203.941477776518)
[Detail] (0.0, 925.0817514557384) (0.0, 1018.826995358397)
[Detail] (0.0, 971.9543734070667) (349.9645267945252, 971.9543734070667)
[Detail] (24.99878605433332, 996.9531594614018) (-24.99878605433332, 946.9555873527333)
[Detail] (349.9645267945252, 925.0817514557384) (349.9645267945252, 1018.826995358397)
[Detail] (349.9645267945252, 971.9543734070667) (919.954620289016, 971.9543734070667)
[Detail] (374.9633128488585, 996.9531594614018) (324.9657407401901, 946.9555873527333)
[Detail] (919.954620289016, 925.0817514557384) (919.954620289016, 1018.826995358397)
[Detail] (919.954620289016, 971.9543734070667) (1279.936922083587, 971.9543734070667)
[Detail] (944.9534063433493, 996.9531594614018) (894.9558342346791, 946.9555873527333)
[Detail] (1279.936922083587, 925.0817514557384) (1279.936922083587, 1018.826995358397)
[Detail] (1279.936922083587, 971.9543734070667) (2199.891814107399, 971.9543734070667)
[Detail] (1304.93570813792, 996.9531594614018) (1254.938136029252, 946.9555873527333)
[Detail] (2199.891814107399, 925.0817514557384) (2199.891814107399, 1018.826995358397)
[Detail] (2199.891814107399, 971.9543734070667) (2739.86553853405, 971.9543734070667)
[Detail] (2224.890600161733, 996.9531594614018) (2174.893028053062, 946.9555873527333)
[Detail] (2714.866752479717, 946.9555873527333) (2764.864324588383, 996.9531594614018)
[Detail] (2739.86553853405, 971.9543734070667) (2777.363581748152, 971.9543734070667)
[Detail] (2739.86553853405, 925.0817514557384) (2739.86553853405, 1018.826995358397)
[Detail] (1606.835512429792, 759.7531384314916) (1644.333555643894, 759.7531384314916)
[Detail] (1644.333555643894, 759.7531384314916) (1944.612461875895, 759.7531384314916)
[Detail] (1669.332341698228, 784.7519244858267) (1619.334769589561, 734.7543523771583)
[Detail] (1644.333555643894, 712.8805164801634) (1644.333555643894, 806.6260321176142)
[Detail] (1944.612461875895, 712.8805164801634) (1944.612461875895, 806.6260321176142)
[Detail] (1944.612461875895, 759.7531384314916) (2739.86553853405, 759.7531384314916)
[Detail] (1969.611247930228, 784.7519244858267) (1919.613675821562, 734.7543523771583)
[Detail] (2714.866752479717, 734.7543523771583) (2764.864324588383, 784.7519244858267)
[Detail] (2739.86553853405, 759.7531384314916) (2777.363581748152, 759.7531384314916)
[Detail] (2739.86553853405, 712.8805164801634) (2739.86553853405, 806.6260321176142)
[Detail] (0.0, 1186.164371007799) (0.0, 1377.651489237953)
[Detail] (0.0, 1334.747998445062) (2739.86553853405, 1334.747998445062)
[Detail] (24.99878605433332, 1359.746784499399) (-24.99878605433332, 1309.749212390731)
[Detail] (2714.866752479717, 1309.749212390731) (2764.864324588383, 1359.746784499399)
[Detail] (2739.86553853405, 1334.747998445062) (2777.363581748152, 1334.747998445062)
[Detail] (2739.86553853405, 1186.164371007799) (2739.86553853405, 1377.651489237953)
[Detail] (72.33716144650316, 759.7531384314916) (109.8352046606087, 759.7531384314916)
[Detail] (109.8352046606087, 759.7531384314916) (959.7936587731601, 759.7531384314916)
[Detail] (134.8339907149402, 784.7519244858267) (84.83669034106788, 734.7543523771583)
[Detail] (934.7948727188268, 734.7543523771583) (984.7924448274953, 784.7519244858267)
[Detail] (959.7936587731601, 759.7531384314916) (997.2917019872621, 759.7531384314916)
[Detail] (109.8352046606087, 712.8805164801634) (109.8352046606087, 806.6260321176142)
[Detail] (959.7936587731601, 712.8805164801634) (959.7936587731601, 806.6260321176142)
[Detail] (272.3274498811752, 543.1324454103324) (309.8254930952771, 543.1324454103324)
[Detail] (309.8254930952771, 543.1324454103324) (534.8145675842807, 543.1324454103324)
[Detail] (334.8242791496104, 568.1312314646675) (284.826707040942, 518.133659355999)
[Detail] (309.8254930952771, 496.259551724208) (309.8254930952771, 590.0050673616588)
[Detail] (534.8145675842807, 496.259551724208) (534.8145675842807, 590.0050673616588)
[Detail] (534.8145675842807, 543.1324454103324) (759.8033703384899, 543.1324454103324)
[Detail] (559.8133536386158, 568.1312314646675) (509.8157815299455, 518.133659355999)
[Detail] (734.8045842841566, 518.133659355999) (784.8021563928214, 568.1312314646675)
[Detail] (759.8033703384899, 543.1324454103324) (797.301685287388, 543.1324454103324)
[Detail] (759.8033703384899, 496.259551724208) (759.8033703384899, 590.0050673616588)
[Detail] (3315.337338074107, -497.4980432141001) (3315.337338074107, -460.0)
[Detail] (3315.337338074107, -460.0) (3315.337338074107, 0.0)
[Detail] (3290.33855201977, -435.0012139456649) (3340.33612412844, -484.9987860543315)
[Detail] (3340.33612412844, -24.99878605433514) (3290.33855201977, 24.99878605433332)
[Detail] (3315.337338074107, 0.0) (3315.337338074107, 37.49804321410193)
[Detail] (3362.21023176023, -460.0) (3180.34411076854, -460.0)
[Detail] (3705.045796174076, -2310.386790853398) (3705.045796174076, -2272.8884759045)
[Detail] (3705.045796174076, -2272.8884759045) (3705.045796174076, -1878.048849646177)
[Detail] (3680.047010119746, -2247.889689850164) (3730.044582228409, -2297.887261958833)
[Detail] (3751.918418125406, -2272.8884759045) (3585.051514419356, -2272.8884759045)
[Detail] (3751.918418125406, -1878.048849646177) (3585.051514419356, -1878.048849646177)
[Detail] (3705.045796174076, -1878.048849646177) (3705.045796174076, -1562.928332310385)
[Detail] (3680.047010119746, -1853.050063591842) (3730.044582228409, -1903.04763570051)
[Detail] (3730.044582228409, -1587.927118364716) (3680.047010119746, -1537.929546256048)
[Detail] (3705.045796174076, -1562.928332310385) (3705.045796174076, -1525.430289096281)
[Detail] (3751.918418125406, -1562.928332310385) (3585.051514419356, -1562.928332310385)
[Detail] (-33.99837077267875, -1871.203578392824) (-33.99837077267875, -1777.458062755373)
[Detail] (-0.0002717347979342, -1871.203578392824) (-0.0002717347979342, -1777.458062755373)
[Detail] (4329.102690351683, -1937.404968139088) (4329.102690351683, -1899.906924924984)
[Detail] (4329.102690351683, -1899.906924924984) (4329.102690351683, 0.0)
[Detail] (4304.104176032146, -1874.908138870651) (4354.101476406013, -1924.905710979319)
[Detail] (4354.101476406013, -24.99878605433514) (4304.104176032146, 24.99878605433332)
[Detail] (4329.102690351683, 0.0) (4329.102690351683, 37.49804321410193)
[Detail] (4375.975584037806, -1899.906924924984) (4282.230068400353, -1899.906924924984)
[Detail] (4375.975584037806, 0.0) (4282.230068400353, 0.0)
[Detail] (2798.153319881687, 0.0) (3355.650237320581, 0.0)
[Detail] (-333.9983707726788, -2606.886846677177) (-333.9983707726788, -1126.939905849799)
[Detail] (3073.863909306729, -2606.886846677177) (-333.9983707726783, -2606.886846677177)
[Detail] (3073.863909306729, -2606.886846677177) (3073.863909306729, 327.9984664705848)
[Detail] (-333.9838034246859, 327.9984664705844) (3073.863909306729, 327.9984664705844)
